Quality,BatchNumber
1,1
1,2
1,3
1,4
0,5
1,6
0,7
1,8
1,9
1,10
1,11
0,12
1,13
1,14
1,15
1,16
1,17
0,18
1,19
1,20
1,21
1,22
0,23
0,24
0,25
1,26
0,27
0,28
0,29
0,30
1,31
0,32
1,33
1,34
1,35
1,36
1,37
1,38
1,39
1,40
1,41
1,42
1,43
1,44
1,45
0,46
1,47
0,48
1,49
1,50
1,51
1,52
1,53
1,54
1,55
1,56
1,57
1,58
1,59
1,60
1,61
0,62
1,63
1,64
1,65
1,66
1,67
1,68
1,69
1,70
1,71
1,72
1,73
1,74
1,75
0,76
1,77
1,78
1,79
0,80
1,81
1,82
1,83
1,84
1,85
1,86
1,87
0,88
0,89
1,90
0,91
1,92
1,93
1,94
1,95
1,96
1,97
0,98
1,99
1,100
1,101
1,102
1,103
1,104
1,105
1,106
1,107
1,108
1,109
1,110
0,111
1,112
1,113
1,114
1,115
1,116
0,117
1,118
1,119
1,120
1,121
1,122
0,123
1,124
1,125
0,126
1,127
0,128
1,129
1,130
1,131
0,132
1,133
1,134
1,135
0,136
1,137
0,138
1,139
1,140
1,141
1,142
0,143
1,144
1,145
1,146
1,147
1,148
1,149
1,150
1,151
1,152
1,153
1,154
0,155
1,156
1,157
1,158
1,159
1,160
1,161
0,162
1,163
0,164
1,165
1,166
1,167
1,168
1,169
1,170
0,171
1,172
0,173
0,174
1,175
1,176
0,177
1,178
1,179
1,180
1,181
1,182
1,183
1,184
1,185
1,186
1,187
1,188
1,189
0,190
1,191
1,192
1,193
1,194
1,195
1,196
1,197
0,198
1,199
1,200
1,201
1,202
1,203
1,204
1,205
1,206
1,207
1,208
1,209
1,210
1,211
1,212
1,213
1,214
1,215
1,216
1,217
1,218
1,219
1,220
1,221
0,222
1,223
1,224
1,225
1,226
1,227
1,228
1,229
1,230
1,231
0,232
1,233
1,234
1,235
1,236
1,237
1,238
1,239
1,240
1,241
0,242
0,243
0,244
1,245
1,246
1,247
0,248
1,249
1,250
0,251
1,252
1,253
1,254
0,255
1,256
1,257
1,258
1,259
1,260
1,261
1,262
0,263
1,264
1,265
0,266
0,267
0,268
1,269
1,270
1,271
1,272
0,273
1,274
1,275
1,276
1,277
1,278
1,279
0,280
1,281
0,282
1,283
1,284
0,285
1,286
0,287
0,288
0,289
0,290
0,291
1,292
1,293
1,294
1,295
1,296
0,297
1,298
1,299
1,300
1,301
1,302
1,303
1,304
1,305
1,306
0,307
1,308
1,309
1,310
1,311
1,312
1,313
1,314
1,315
0,316
0,317
1,318
0,319
1,320
0,321
1,322
1,323
1,324
1,325
1,326
1,327
1,328
1,329
0,330
1,331
1,332
1,333
1,334
1,335
1,336
0,337
0,338
1,339
1,340
1,341
0,342
1,343
1,344
1,345
0,346
1,347
0,348
0,349
0,350
1,351
1,352
0,353
1,354
1,355
0,356
1,357
0,358
0,359
1,360
0,361
0,362
1,363
1,364
0,365
1,366
0,367
1,368
1,369
1,370
1,371
1,372
1,373
1,374
1,375
1,376
0,377
1,378
1,379
1,380
1,381
1,382
1,383
1,384
1,385
1,386
0,387
1,388
0,389
1,390
0,391
0,392
0,393
0,394
0,395
0,396
0,397
0,398
0,399
0,400
0,401
0,402
0,403
0,404
0,405
0,406
0,407
0,408
0,409
0,410
0,411
1,412
0,413
1,414
0,415
1,416
0,417
1,418
0,419
1,420
0,421
1,422
0,423
0,424
0,425
1,426
1,427
0,428
1,429
1,430
1,431
1,432
0,433
0,434
1,435
1,436
1,437
1,438
0,439
1,440
1,441
1,442
1,443
1,444
0,445
1,446
1,447
1,448
1,449
1,450
1,451
1,452
1,453
1,454
0,455
1,456
1,457
0,458
0,459
1,460
0,461
1,462
1,463
1,464
0,465
1,466
1,467
1,468
1,469
1,470
1,471
1,472
0,473
0,474
1,475
1,476
1,477
1,478
1,479
1,480
0,481
1,482
1,483
1,484
1,485
1,486
1,487
0,488
1,489
1,490
1,491
1,492
1,493
1,494
0,495
0,496
1,497
1,498
1,499
1,500
1,501
1,502
1,503
1,504
1,505
1,506
1,507
1,508
1,509
1,510
1,511
1,512
0,513
1,514
1,515
1,516
1,517
1,518
1,519
1,520
0,521
1,522
1,523
0,524
1,525
1,526
1,527
1,528
1,529
1,530
1,531
0,532
1,533
0,534
1,535
1,536
1,537
1,538
0,539
0,540
1,541
1,542
1,543
0,544
1,545
1,546
1,547
0,548
1,549
0,550
1,551
1,552
1,553
1,554
1,555
1,556
1,557
1,558
1,559
1,560
1,561
1,562
1,563
1,564
1,565
1,566
1,567
1,568
1,569
1,570
1,571
1,572
1,573
1,574
0,575
1,576
1,577
1,578
1,579
0,580
0,581
0,582
0,583
0,584
0,585
0,586
0,587
0,588
0,589
0,590
0,591
0,592
0,593
0,594
0,595
0,596
0,597
0,598
0,599
0,600
0,601
0,602
0,603
0,604
0,605
0,606
0,607
0,608
0,609
0,610
0,611
0,612
0,613
0,614
0,615
0,616
0,617
0,618
0,619
0,620
0,621
0,622
0,623
0,624
1,625
1,626
0,627
0,628
1,629
1,630
0,631
1,632
1,633
1,634
1,635
1,636
1,637
0,638
1,639
1,640
0,641
1,642
1,643
0,644
1,645
1,646
1,647
1,648
0,649
1,650
1,651
1,652
1,653
1,654
0,655
0,656
1,657
1,658
1,659
1,660
1,661
1,662
1,663
1,664
1,665
1,666
0,667
0,668
0,669
1,670
1,671
0,672
1,673
1,674
1,675
1,676
1,677
1,678
1,679
1,680
1,681
1,682
1,683
1,684
1,685
1,686
0,687
0,688
1,689
1,690
1,691
0,692
1,693
0,694
1,695
1,696
1,697
1,698
1,699
1,700
1,701
1,702
1,703
0,704
1,705
1,706
1,707
1,708
1,709
1,710
1,711
0,712
1,713
1,714
1,715
1,716
1,717
1,718
0,719
1,720
1,721
0,722
0,723
1,724
1,725
1,726
1,727
1,728
1,729
1,730
1,731
1,732
1,733
1,734
1,735
1,736
1,737
1,738
1,739
1,740
0,741
1,742
1,743
1,744
1,745
1,746
1,747
0,748
0,749
1,750
1,751
1,752
1,753
1,754
1,755
1,756
1,757
1,758
1,759
1,760
1,761
1,762
1,763
1,764
1,765
1,766
1,767
1,768
1,769
1,770
1,771
1,772
1,773
1,774
1,775
1,776
1,777
1,778
1,779
1,780
1,781
1,782
1,783
1,784
1,785
1,786
0,787
1,788
1,789
1,790
1,791
1,792
1,793
1,794
1,795
1,796
1,797
1,798
1,799
0,800
1,801
1,802
1,803
1,804
1,805
1,806
1,807
1,808
1,809
1,810
1,811
0,812
1,813
1,814
1,815
1,816
1,817
0,818
1,819
1,820
1,821
1,822
1,823
1,824
1,825
1,826
1,827
1,828
1,829
1,830
0,831
1,832
1,833
1,834
0,835
1,836
1,837
1,838
1,839
1,840
0,841
1,842
1,843
1,844
1,845
1,846
1,847
1,848
1,849
1,850
0,851
1,852
1,853
1,854
1,855
1,856
0,857
1,858
0,859
1,860
1,861
1,862
1,863
1,864
1,865
1,866
1,867
1,868
1,869
1,870
1,871
1,872
1,873
1,874
1,875
1,876
1,877
1,878
1,879
1,880
1,881
1,882
1,883
1,884
1,885
1,886
1,887
1,888
1,889
1,890
1,891
1,892
1,893
0,894
1,895
1,896
1,897
1,898
1,899
0,900
1,901
1,902
1,903
1,904
1,905
1,906
0,907
1,908
1,909
1,910
1,911
1,912
1,913
1,914
1,915
1,916
1,917
1,918
1,919
1,920
0,921
1,922
1,923
1,924
1,925
1,926
1,927
1,928
1,929
0,930
0,931
1,932
0,933
1,934
1,935
1,936
1,937
1,938
1,939
1,940
1,941
1,942
0,943
1,944
1,945
0,946
1,947
1,948
1,949
1,950
1,951
1,952
1,953
1,954
1,955
1,956
1,957
0,958
1,959
1,960
1,961
1,962
1,963
1,964
1,965
1,966
1,967
1,968
1,969
1,970
1,971
1,972
1,973
1,974
0,975
1,976
1,977
1,978
1,979
1,980
0,981
1,982
1,983
1,984
1,985
1,986
0,987
1,988
1,989
1,990
1,991
1,992
1,993
0,994
0,995
1,996
1,997
0,998
1,999
1,1000
1,1001
0,1002
1,1003
0,1004
0,1005
1,1006
0,1007
1,1008
1,1009
1,1010
1,1011
0,1012
1,1013
1,1014
1,1015
1,1016
1,1017
0,1018
1,1019
1,1020
1,1021
1,1022
1,1023
0,1024
1,1025
1,1026
0,1027
1,1028
1,1029
1,1030
1,1031
1,1032
1,1033
1,1034
1,1035
1,1036
1,1037
1,1038
1,1039
1,1040
0,1041
1,1042
1,1043
1,1044
0,1045
1,1046
1,1047
1,1048
1,1049
1,1050
1,1051
0,1052
1,1053
1,1054
1,1055
0,1056
1,1057
1,1058
1,1059
0,1060
0,1061
1,1062
1,1063
1,1064
1,1065
1,1066
1,1067
1,1068
0,1069
1,1070
1,1071
1,1072
1,1073
1,1074
1,1075
0,1076
1,1077
1,1078
1,1079
1,1080
1,1081
1,1082
1,1083
1,1084
1,1085
1,1086
1,1087
1,1088
1,1089
1,1090
1,1091
1,1092
1,1093
1,1094
1,1095
1,1096
1,1097
1,1098
1,1099
0,1100
1,1101
1,1102
1,1103
1,1104
0,1105
0,1106
0,1107
0,1108
0,1109
0,1110
0,1111
0,1112
0,1113
0,1114
0,1115
0,1116
0,1117
0,1118
0,1119
0,1120
0,1121
0,1122
1,1123
1,1124
1,1125
0,1126
0,1127
0,1128
0,1129
0,1130
0,1131
0,1132
1,1133
0,1134
0,1135
1,1136
1,1137
1,1138
1,1139
1,1140
0,1141
0,1142
0,1143
0,1144
1,1145
0,1146
0,1147
1,1148
1,1149
1,1150
1,1151
1,1152
1,1153
1,1154
1,1155
1,1156
1,1157
1,1158
1,1159
1,1160
0,1161
1,1162
1,1163
1,1164
1,1165
0,1166
1,1167
1,1168
1,1169
0,1170
1,1171
1,1172
1,1173
1,1174
1,1175
0,1176
0,1177
1,1178
1,1179
1,1180
1,1181
1,1182
1,1183
1,1184
0,1185
1,1186
1,1187
1,1188
1,1189
1,1190
0,1191
1,1192
1,1193
1,1194
1,1195
0,1196
1,1197
1,1198
0,1199
1,1200
0,1201
0,1202
1,1203
0,1204
1,1205
1,1206
0,1207
1,1208
1,1209
1,1210
0,1211
0,1212
1,1213
1,1214
1,1215
1,1216
1,1217
1,1218
1,1219
1,1220
1,1221
1,1222
1,1223
1,1224
1,1225
1,1226
1,1227
1,1228
1,1229
1,1230
1,1231
1,1232
1,1233
1,1234
0,1235
1,1236
1,1237
0,1238
1,1239
0,1240
1,1241
1,1242
1,1243
1,1244
1,1245
1,1246
1,1247
0,1248
0,1249
0,1250
1,1251
1,1252
1,1253
0,1254
1,1255
1,1256
1,1257
1,1258
1,1259
1,1260
1,1261
1,1262
1,1263
1,1264
1,1265
1,1266
1,1267
1,1268
1,1269
1,1270
1,1271
1,1272
1,1273
1,1274
1,1275
1,1276
1,1277
1,1278
1,1279
1,1280
1,1281
1,1282
1,1283
1,1284
1,1285
1,1286
1,1287
0,1288
1,1289
1,1290
1,1291
1,1292
1,1293
1,1294
0,1295
1,1296
1,1297
0,1298
0,1299
0,1300
1,1301
1,1302
1,1303
1,1304
1,1305
1,1306
1,1307
0,1308
1,1309
1,1310
1,1311
1,1312
1,1313
1,1314
1,1315
1,1316
1,1317
1,1318
1,1319
1,1320
1,1321
1,1322
1,1323
0,1324
0,1325
0,1326
0,1327
1,1328
1,1329
1,1330
1,1331
0,1332
1,1333
1,1334
1,1335
0,1336
1,1337
1,1338
1,1339
1,1340
1,1341
1,1342
1,1343
1,1344
1,1345
1,1346
0,1347
1,1348
1,1349
0,1350
1,1351
1,1352
1,1353
1,1354
1,1355
1,1356
1,1357
1,1358
0,1359
1,1360
1,1361
1,1362
1,1363
1,1364
1,1365
1,1366
1,1367
1,1368
1,1369
1,1370
1,1371
1,1372
1,1373
1,1374
0,1375
1,1376
1,1377
0,1378
1,1379
1,1380
1,1381
0,1382
1,1383
0,1384
1,1385
1,1386
0,1387
1,1388
1,1389
0,1390
1,1391
1,1392
1,1393
1,1394
0,1395
1,1396
0,1397
1,1398
1,1399
1,1400
1,1401
0,1402
1,1403
1,1404
1,1405
1,1406
1,1407
0,1408
1,1409
1,1410
1,1411
1,1412
0,1413
1,1414
1,1415
0,1416
1,1417
1,1418
0,1419
1,1420
1,1421
1,1422
1,1423
1,1424
1,1425
1,1426
1,1427
1,1428
1,1429
0,1430
1,1431
1,1432
1,1433
1,1434
1,1435
1,1436
1,1437
1,1438
1,1439
1,1440
1,1441
1,1442
1,1443
1,1444
0,1445
1,1446
1,1447
1,1448
1,1449
1,1450
1,1451
1,1452
1,1453
1,1454
0,1455
1,1456
1,1457
1,1458
1,1459
0,1460
1,1461
1,1462
1,1463
0,1464
1,1465
1,1466
1,1467
1,1468
1,1469
1,1470
1,1471
1,1472
1,1473
0,1474
1,1475
1,1476
1,1477
1,1478
0,1479
0,1480
1,1481
1,1482
1,1483
1,1484
1,1485
1,1486
1,1487
1,1488
0,1489
0,1490
1,1491
0,1492
1,1493
1,1494
0,1495
0,1496
0,1497
0,1498
0,1499
1,1500
1,1501
1,1502
0,1503
1,1504
1,1505
1,1506
1,1507
1,1508
0,1509
1,1510
0,1511
1,1512
1,1513
1,1514
0,1515
0,1516
1,1517
1,1518
1,1519
1,1520
1,1521
1,1522
1,1523
1,1524
1,1525
1,1526
1,1527
1,1528
1,1529
1,1530
1,1531
1,1532
0,1533
1,1534
1,1535
0,1536
0,1537
1,1538
1,1539
1,1540
1,1541
1,1542
0,1543
1,1544
1,1545
1,1546
1,1547
1,1548
0,1549
1,1550
1,1551
1,1552
0,1553
1,1554
0,1555
0,1556
1,1557
1,1558
1,1559
1,1560
1,1561
1,1562
0,1563
1,1564
1,1565
1,1566
1,1567
1,1568
0,1569
1,1570
1,1571
1,1572
1,1573
1,1574
1,1575
1,1576
1,1577
1,1578
0,1579
1,1580
1,1581
1,1582
1,1583
1,1584
1,1585
0,1586
1,1587
1,1588
0,1589
1,1590
0,1591
1,1592
1,1593
1,1594
1,1595
1,1596
1,1597
1,1598
1,1599
1,1600
1,1601
1,1602
0,1603
0,1604
0,1605
1,1606
1,1607
0,1608
1,1609
0,1610
1,1611
0,1612
0,1613
1,1614
1,1615
1,1616
1,1617
1,1618
1,1619
0,1620
1,1621
0,1622
1,1623
0,1624
1,1625
1,1626
0,1627
0,1628
1,1629
1,1630
1,1631
1,1632
1,1633
1,1634
1,1635
1,1636
1,1637
1,1638
1,1639
1,1640
1,1641
1,1642
1,1643
1,1644
1,1645
1,1646
0,1647
0,1648
1,1649
1,1650
1,1651
1,1652
1,1653
1,1654
0,1655
0,1656
1,1657
1,1658
1,1659
1,1660
1,1661
1,1662
0,1663
1,1664
1,1665
1,1666
1,1667
1,1668
1,1669
1,1670
1,1671
1,1672
1,1673
1,1674
1,1675
1,1676
1,1677
1,1678
1,1679
1,1680
1,1681
1,1682
0,1683
1,1684
1,1685
1,1686
1,1687
1,1688
0,1689
0,1690
1,1691
1,1692
1,1693
1,1694
1,1695
1,1696
1,1697
0,1698
1,1699
0,1700
1,1701
1,1702
1,1703
1,1704
1,1705
1,1706
1,1707
1,1708
1,1709
1,1710
1,1711
1,1712
1,1713
0,1714
1,1715
1,1716
0,1717
1,1718
1,1719
1,1720
1,1721
1,1722
1,1723
1,1724
1,1725
0,1726
1,1727
1,1728
1,1729
1,1730
1,1731
1,1732
1,1733
1,1734
1,1735
1,1736
1,1737
1,1738
0,1739
1,1740
0,1741
1,1742
0,1743
0,1744
1,1745
1,1746
1,1747
1,1748
1,1749
1,1750
1,1751
1,1752
1,1753
1,1754
1,1755
1,1756
1,1757
1,1758
1,1759
1,1760
0,1761
1,1762
1,1763
1,1764
1,1765
1,1766
0,1767
1,1768
1,1769
1,1770
1,1771
1,1772
1,1773
1,1774
1,1775
1,1776
1,1777
1,1778
1,1779
1,1780
1,1781
1,1782
1,1783
1,1784
1,1785
0,1786
1,1787
1,1788
1,1789
1,1790
1,1791
1,1792
1,1793
1,1794
1,1795
1,1796
1,1797
1,1798
1,1799
0,1800
1,1801
1,1802
1,1803
1,1804
1,1805
0,1806
1,1807
0,1808
0,1809
0,1810
0,1811
0,1812
0,1813
0,1814
0,1815
0,1816
0,1817
0,1818
0,1819
0,1820
0,1821
0,1822
0,1823
0,1824
0,1825
0,1826
0,1827
0,1828
0,1829
0,1830
0,1831
0,1832
0,1833
0,1834
0,1835
0,1836
0,1837
0,1838
0,1839
0,1840
0,1841
0,1842
0,1843
0,1844
0,1845
0,1846
0,1847
0,1848
0,1849
0,1850
0,1851
0,1852
1,1853
1,1854
0,1855
1,1856
1,1857
1,1858
1,1859
1,1860
1,1861
1,1862
1,1863
1,1864
1,1865
1,1866
1,1867
1,1868
0,1869
0,1870
1,1871
1,1872
1,1873
1,1874
1,1875
1,1876
1,1877
1,1878
1,1879
1,1880
1,1881
1,1882
1,1883
1,1884
1,1885
1,1886
0,1887
1,1888
1,1889
1,1890
0,1891
1,1892
0,1893
0,1894
1,1895
1,1896
0,1897
1,1898
0,1899
1,1900
1,1901
0,1902
1,1903
1,1904
0,1905
1,1906
0,1907
1,1908
1,1909
1,1910
1,1911
0,1912
0,1913
1,1914
1,1915
1,1916
0,1917
1,1918
1,1919
1,1920
1,1921
1,1922
1,1923
1,1924
1,1925
1,1926
1,1927
1,1928
1,1929
1,1930
1,1931
1,1932
0,1933
1,1934
1,1935
1,1936
1,1937
1,1938
1,1939
1,1940
1,1941
1,1942
1,1943
1,1944
1,1945
1,1946
1,1947
1,1948
1,1949
1,1950
1,1951
1,1952
0,1953
1,1954
1,1955
1,1956
1,1957
1,1958
1,1959
0,1960
1,1961
0,1962
1,1963
1,1964
1,1965
1,1966
1,1967
1,1968
0,1969
1,1970
1,1971
1,1972
1,1973
1,1974
1,1975
1,1976
1,1977
1,1978
1,1979
1,1980
1,1981
0,1982
1,1983
0,1984
1,1985
1,1986
0,1987
1,1988
0,1989
1,1990
0,1991
1,1992
0,1993
0,1994
0,1995
1,1996
1,1997
1,1998
1,1999
1,2000
1,2001
0,2002
1,2003
1,2004
1,2005
1,2006
1,2007
1,2008
1,2009
1,2010
1,2011
1,2012
1,2013
1,2014
1,2015
1,2016
1,2017
1,2018
1,2019
1,2020
1,2021
1,2022
1,2023
0,2024
1,2025
1,2026
1,2027
1,2028
1,2029
1,2030
1,2031
0,2032
0,2033
0,2034
1,2035
1,2036
1,2037
1,2038
1,2039
0,2040
1,2041
1,2042
1,2043
1,2044
1,2045
1,2046
1,2047
1,2048
0,2049
1,2050
1,2051
1,2052
1,2053
1,2054
1,2055
1,2056
0,2057
0,2058
1,2059
1,2060
1,2061
1,2062
1,2063
1,2064
1,2065
1,2066
1,2067
1,2068
1,2069
1,2070
1,2071
1,2072
1,2073
1,2074
0,2075
1,2076
1,2077
0,2078
1,2079
1,2080
1,2081
1,2082
0,2083
1,2084
1,2085
1,2086
1,2087
1,2088
1,2089
1,2090
1,2091
1,2092
0,2093
1,2094
1,2095
1,2096
1,2097
1,2098
0,2099
1,2100
1,2101
1,2102
1,2103
1,2104
1,2105
1,2106
1,2107
1,2108
0,2109
1,2110
1,2111
1,2112
1,2113
0,2114
1,2115
1,2116
1,2117
1,2118
0,2119
1,2120
1,2121
1,2122
0,2123
1,2124
1,2125
1,2126
1,2127
1,2128
1,2129
1,2130
1,2131
1,2132
1,2133
1,2134
1,2135
1,2136
1,2137
1,2138
0,2139
1,2140
1,2141
1,2142
1,2143
0,2144
0,2145
0,2146
0,2147
1,2148
1,2149
1,2150
1,2151
1,2152
1,2153
1,2154
1,2155
1,2156
1,2157
1,2158
1,2159
1,2160
1,2161
1,2162
1,2163
1,2164
1,2165
1,2166
0,2167
1,2168
1,2169
1,2170
1,2171
0,2172
1,2173
1,2174
1,2175
1,2176
0,2177
1,2178
1,2179
1,2180
0,2181
1,2182
0,2183
1,2184
1,2185
1,2186
1,2187
1,2188
1,2189
1,2190
0,2191
1,2192
1,2193
1,2194
1,2195
1,2196
1,2197
1,2198
1,2199
1,2200
1,2201
1,2202
1,2203
1,2204
1,2205
1,2206
1,2207
1,2208
1,2209
1,2210
0,2211
1,2212
1,2213
1,2214
1,2215
1,2216
1,2217
1,2218
1,2219
0,2220
1,2221
1,2222
0,2223
0,2224
1,2225
1,2226
1,2227
1,2228
1,2229
1,2230
1,2231
1,2232
1,2233
0,2234
1,2235
1,2236
1,2237
1,2238
1,2239
1,2240
1,2241
1,2242
1,2243
1,2244
1,2245
1,2246
1,2247
1,2248
1,2249
1,2250
1,2251
1,2252
1,2253
1,2254
1,2255
1,2256
1,2257
1,2258
1,2259
1,2260
1,2261
1,2262
1,2263
1,2264
1,2265
0,2266
1,2267
0,2268
1,2269
1,2270
1,2271
1,2272
1,2273
1,2274
1,2275
1,2276
1,2277
1,2278
0,2279
1,2280
1,2281
1,2282
1,2283
1,2284
0,2285
0,2286
0,2287
1,2288
1,2289
1,2290
1,2291
1,2292
0,2293
1,2294
1,2295
1,2296
1,2297
1,2298
1,2299
1,2300
1,2301
1,2302
1,2303
1,2304
1,2305
0,2306
1,2307
1,2308
1,2309
0,2310
1,2311
1,2312
1,2313
1,2314
1,2315
1,2316
1,2317
1,2318
1,2319
1,2320
1,2321
1,2322
1,2323
1,2324
1,2325
0,2326
1,2327
1,2328
1,2329
1,2330
1,2331
1,2332
1,2333
1,2334
1,2335
1,2336
1,2337
1,2338
1,2339
0,2340
0,2341
1,2342
1,2343
0,2344
1,2345
1,2346
0,2347
1,2348
1,2349
0,2350
1,2351
1,2352
1,2353
1,2354
1,2355
1,2356
1,2357
1,2358
1,2359
1,2360
1,2361
1,2362
1,2363
0,2364
1,2365
1,2366
1,2367
1,2368
1,2369
1,2370
1,2371
1,2372
1,2373
1,2374
1,2375
1,2376
1,2377
1,2378
1,2379
1,2380
1,2381
1,2382
1,2383
1,2384
1,2385
1,2386
1,2387
1,2388
1,2389
1,2390
1,2391
0,2392
1,2393
1,2394
1,2395
0,2396
1,2397
1,2398
1,2399
1,2400
1,2401
1,2402
1,2403
1,2404
1,2405
1,2406
1,2407
1,2408
1,2409
1,2410
1,2411
1,2412
1,2413
1,2414
1,2415
1,2416
1,2417
1,2418
1,2419
1,2420
1,2421
1,2422
1,2423
1,2424
1,2425
1,2426
1,2427
1,2428
1,2429
1,2430
1,2431
1,2432
1,2433
1,2434
1,2435
1,2436
1,2437
1,2438
1,2439
1,2440
1,2441
1,2442
1,2443
1,2444
1,2445
1,2446
1,2447
0,2448
1,2449
1,2450
1,2451
1,2452
1,2453
1,2454
1,2455
1,2456
1,2457
1,2458
1,2459
1,2460
1,2461
1,2462
1,2463
1,2464
1,2465
1,2466
1,2467
1,2468
1,2469
1,2470
1,2471
1,2472
1,2473
1,2474
1,2475
0,2476
1,2477
1,2478
1,2479
1,2480
1,2481
1,2482
1,2483
1,2484
1,2485
1,2486
1,2487
1,2488
1,2489
1,2490
1,2491
1,2492
1,2493
1,2494
1,2495
0,2496
0,2497
1,2498
1,2499
1,2500
0,2501
0,2502
0,2503
1,2504
1,2505
1,2506
0,2507
1,2508
1,2509
1,2510
1,2511
1,2512
0,2513
1,2514
1,2515
1,2516
1,2517
1,2518
1,2519
1,2520
1,2521
1,2522
1,2523
1,2524
1,2525
1,2526
1,2527
0,2528
0,2529
1,2530
1,2531
0,2532
1,2533
1,2534
1,2535
1,2536
1,2537
1,2538
1,2539
1,2540
1,2541
1,2542
1,2543
1,2544
1,2545
1,2546
1,2547
1,2548
1,2549
1,2550
0,2551
1,2552
0,2553
1,2554
1,2555
1,2556
1,2557
0,2558
1,2559
1,2560
1,2561
1,2562
1,2563
1,2564
1,2565
0,2566
1,2567
1,2568
1,2569
1,2570
1,2571
1,2572
1,2573
1,2574
1,2575
1,2576
1,2577
0,2578
1,2579
1,2580
1,2581
1,2582
1,2583
1,2584
0,2585
1,2586
0,2587
0,2588
1,2589
1,2590
1,2591
0,2592
1,2593
0,2594
1,2595
0,2596
1,2597
1,2598
1,2599
0,2600
1,2601
1,2602
1,2603
1,2604
1,2605
1,2606
1,2607
1,2608
1,2609
1,2610
1,2611
0,2612
0,2613
1,2614
1,2615
1,2616
1,2617
1,2618
0,2619
0,2620
1,2621
1,2622
1,2623
0,2624
1,2625
1,2626
1,2627
1,2628
1,2629
1,2630
1,2631
1,2632
1,2633
1,2634
1,2635
1,2636
1,2637
1,2638
1,2639
1,2640
1,2641
1,2642
1,2643
1,2644
1,2645
1,2646
1,2647
1,2648
1,2649
1,2650
1,2651
1,2652
1,2653
1,2654
1,2655
1,2656
0,2657
1,2658
1,2659
0,2660
1,2661
1,2662
0,2663
1,2664
1,2665
1,2666
1,2667
1,2668
1,2669
0,2670
1,2671
1,2672
1,2673
1,2674
1,2675
1,2676
1,2677
1,2678
1,2679
1,2680
1,2681
1,2682
1,2683
1,2684
1,2685
1,2686
1,2687
1,2688
0,2689
1,2690
1,2691
0,2692
1,2693
1,2694
1,2695
1,2696
1,2697
1,2698
1,2699
1,2700
0,2701
1,2702
1,2703
1,2704
1,2705
0,2706
1,2707
1,2708
1,2709
1,2710
1,2711
0,2712
1,2713
1,2714
1,2715
1,2716
1,2717
0,2718
1,2719
1,2720
1,2721
1,2722
1,2723
1,2724
1,2725
1,2726
1,2727
1,2728
1,2729
1,2730
1,2731
1,2732
1,2733
1,2734
1,2735
1,2736
1,2737
1,2738
1,2739
1,2740
1,2741
1,2742
1,2743
1,2744
1,2745
1,2746
1,2747
1,2748
0,2749
1,2750
1,2751
1,2752
1,2753
1,2754
1,2755
1,2756
1,2757
1,2758
1,2759
1,2760
1,2761
1,2762
1,2763
1,2764
1,2765
0,2766
1,2767
1,2768
0,2769
1,2770
1,2771
0,2772
1,2773
1,2774
1,2775
1,2776
1,2777
1,2778
1,2779
1,2780
1,2781
1,2782
1,2783
1,2784
1,2785
1,2786
1,2787
1,2788
1,2789
1,2790
1,2791
1,2792
1,2793
1,2794
1,2795
1,2796
1,2797
1,2798
1,2799
1,2800
1,2801
1,2802
1,2803
1,2804
1,2805
0,2806
1,2807
1,2808
0,2809
1,2810
0,2811
0,2812
0,2813
1,2814
1,2815
1,2816
1,2817
1,2818
1,2819
1,2820
1,2821
1,2822
1,2823
1,2824
0,2825
1,2826
1,2827
1,2828
0,2829
1,2830
1,2831
1,2832
1,2833
1,2834
1,2835
1,2836
1,2837
1,2838
1,2839
1,2840
0,2841
1,2842
1,2843
1,2844
1,2845
1,2846
1,2847
1,2848
1,2849
1,2850
1,2851
1,2852
1,2853
1,2854
1,2855
1,2856
1,2857
1,2858
1,2859
1,2860
1,2861
1,2862
1,2863
1,2864
1,2865
1,2866
1,2867
1,2868
1,2869
0,2870
1,2871
1,2872
1,2873
1,2874
1,2875
1,2876
1,2877
1,2878
0,2879
1,2880
1,2881
1,2882
1,2883
1,2884
1,2885
1,2886
1,2887
1,2888
1,2889
1,2890
1,2891
1,2892
1,2893
1,2894
1,2895
1,2896
1,2897
1,2898
1,2899
1,2900
1,2901
1,2902
1,2903
1,2904
1,2905
1,2906
1,2907
0,2908
0,2909
1,2910
1,2911
1,2912
1,2913
1,2914
1,2915
1,2916
1,2917
0,2918
1,2919
0,2920
1,2921
0,2922
0,2923
0,2924
0,2925
1,2926
1,2927
1,2928
1,2929
1,2930
1,2931
1,2932
0,2933
1,2934
0,2935
1,2936
1,2937
1,2938
1,2939
1,2940
1,2941
1,2942
1,2943
1,2944
1,2945
1,2946
1,2947
1,2948
1,2949
1,2950
1,2951
0,2952
1,2953
1,2954
1,2955
1,2956
0,2957
1,2958
1,2959
1,2960
0,2961
1,2962
1,2963
1,2964
1,2965
0,2966
1,2967
0,2968
1,2969
1,2970
0,2971
1,2972
1,2973
1,2974
1,2975
1,2976
1,2977
0,2978
0,2979
1,2980
0,2981
1,2982
1,2983
0,2984
1,2985
1,2986
1,2987
1,2988
0,2989
1,2990
1,2991
1,2992
1,2993
1,2994
0,2995
1,2996
1,2997
1,2998
1,2999
1,3000
1,3001
1,3002
1,3003
1,3004
1,3005
1,3006
1,3007
1,3008
1,3009
1,3010
1,3011
1,3012
1,3013
1,3014
0,3015
1,3016
1,3017
1,3018
1,3019
1,3020
1,3021
1,3022
1,3023
1,3024
1,3025
1,3026
1,3027
1,3028
1,3029
1,3030
1,3031
1,3032
1,3033
1,3034
1,3035
1,3036
1,3037
1,3038
1,3039
1,3040
1,3041
1,3042
1,3043
1,3044
1,3045
1,3046
1,3047
1,3048
1,3049
1,3050
1,3051
1,3052
0,3053
1,3054
1,3055
1,3056
1,3057
1,3058
1,3059
1,3060
1,3061
1,3062
1,3063
1,3064
1,3065
1,3066
1,3067
1,3068
0,3069
0,3070
1,3071
1,3072
0,3073
1,3074
1,3075
1,3076
1,3077
1,3078
1,3079
1,3080
1,3081
1,3082
1,3083
1,3084
1,3085
1,3086
1,3087
1,3088
1,3089
1,3090
1,3091
1,3092
1,3093
1,3094
1,3095
1,3096
0,3097
0,3098
1,3099
1,3100
1,3101
1,3102
1,3103
1,3104
1,3105
1,3106
1,3107
1,3108
1,3109
1,3110
0,3111
1,3112
1,3113
1,3114
1,3115
0,3116
1,3117
1,3118
0,3119
0,3120
0,3121
1,3122
1,3123
0,3124
0,3125
0,3126
0,3127
0,3128
0,3129
0,3130
0,3131
0,3132
1,3133
1,3134
1,3135
1,3136
1,3137
1,3138
1,3139
1,3140
1,3141
1,3142
1,3143
1,3144
1,3145
1,3146
1,3147
1,3148
1,3149
1,3150
0,3151
1,3152
1,3153
1,3154
0,3155
1,3156
0,3157
1,3158
1,3159
1,3160
0,3161
1,3162
1,3163
1,3164
1,3165
1,3166
1,3167
1,3168
1,3169
1,3170
1,3171
1,3172
1,3173
1,3174
1,3175
0,3176
1,3177
1,3178
1,3179
1,3180
1,3181
1,3182
1,3183
1,3184
1,3185
1,3186
0,3187
1,3188
1,3189
1,3190
1,3191
1,3192
1,3193
1,3194
0,3195
1,3196
1,3197
1,3198
1,3199
1,3200
1,3201
1,3202
1,3203
1,3204
1,3205
1,3206
1,3207
1,3208
1,3209
1,3210
1,3211
1,3212
1,3213
1,3214
1,3215
1,3216
1,3217
0,3218
1,3219
1,3220
0,3221
1,3222
0,3223
1,3224
0,3225
1,3226
1,3227
1,3228
1,3229
1,3230
1,3231
1,3232
0,3233
1,3234
0,3235
0,3236
1,3237
1,3238
1,3239
1,3240
1,3241
1,3242
1,3243
0,3244
1,3245
1,3246
1,3247
1,3248
1,3249
0,3250
1,3251
1,3252
1,3253
1,3254
1,3255
0,3256
1,3257
1,3258
1,3259
0,3260
1,3261
1,3262
1,3263
0,3264
1,3265
1,3266
1,3267
1,3268
1,3269
1,3270
1,3271
1,3272
1,3273
1,3274
1,3275
1,3276
1,3277
1,3278
1,3279
0,3280
1,3281
1,3282
1,3283
1,3284
0,3285
1,3286
0,3287
1,3288
1,3289
1,3290
1,3291
1,3292
1,3293
1,3294
1,3295
1,3296
1,3297
1,3298
0,3299
1,3300
1,3301
1,3302
1,3303
1,3304
1,3305
1,3306
0,3307
1,3308
0,3309
1,3310
1,3311
1,3312
1,3313
1,3314
1,3315
1,3316
1,3317
0,3318
1,3319
1,3320
1,3321
1,3322
1,3323
1,3324
1,3325
1,3326
1,3327
1,3328
1,3329
0,3330
0,3331
1,3332
0,3333
1,3334
1,3335
1,3336
1,3337
0,3338
1,3339
1,3340
1,3341
1,3342
1,3343
0,3344
1,3345
1,3346
1,3347
0,3348
1,3349
0,3350
1,3351
1,3352
1,3353
1,3354
1,3355
1,3356
1,3357
1,3358
1,3359
1,3360
1,3361
1,3362
1,3363
1,3364
0,3365
0,3366
0,3367
1,3368
0,3369
1,3370
1,3371
1,3372
1,3373
1,3374
1,3375
1,3376
1,3377
1,3378
1,3379
1,3380
1,3381
1,3382
1,3383
1,3384
1,3385
1,3386
1,3387
1,3388
1,3389
0,3390
1,3391
1,3392
1,3393
1,3394
1,3395
1,3396
1,3397
1,3398
1,3399
1,3400
1,3401
1,3402
1,3403
1,3404
0,3405
1,3406
1,3407
1,3408
1,3409
1,3410
1,3411
1,3412
1,3413
1,3414
1,3415
1,3416
1,3417
1,3418
1,3419
1,3420
0,3421
1,3422
1,3423
0,3424
1,3425
1,3426
1,3427
1,3428
1,3429
1,3430
1,3431
1,3432
1,3433
1,3434
1,3435
0,3436
0,3437
1,3438
1,3439
1,3440
1,3441
1,3442
1,3443
1,3444
1,3445
1,3446
1,3447
1,3448
1,3449
0,3450
0,3451
1,3452
1,3453
1,3454
1,3455
1,3456
1,3457
1,3458
1,3459
1,3460
1,3461
1,3462
1,3463
0,3464
1,3465
1,3466
1,3467
1,3468
1,3469
1,3470
1,3471
1,3472
1,3473
1,3474
1,3475
1,3476
1,3477
1,3478
1,3479
1,3480
1,3481
1,3482
1,3483
1,3484
1,3485
1,3486
1,3487
1,3488
0,3489
1,3490
1,3491
1,3492
1,3493
1,3494
1,3495
0,3496
0,3497
1,3498
1,3499
1,3500
1,3501
1,3502
1,3503
0,3504
1,3505
1,3506
1,3507
1,3508
0,3509
1,3510
1,3511
1,3512
1,3513
1,3514
1,3515
1,3516
1,3517
1,3518
1,3519
1,3520
1,3521
1,3522
0,3523
0,3524
1,3525
1,3526
1,3527
1,3528
1,3529
1,3530
1,3531
0,3532
1,3533
1,3534
1,3535
1,3536
1,3537
1,3538
1,3539
1,3540
1,3541
1,3542
1,3543
1,3544
1,3545
1,3546
0,3547
1,3548
1,3549
1,3550
1,3551
1,3552
1,3553
1,3554
1,3555
1,3556
1,3557
1,3558
1,3559
1,3560
1,3561
1,3562
0,3563
1,3564
1,3565
1,3566
1,3567
1,3568
1,3569
1,3570
1,3571
1,3572
1,3573
1,3574
1,3575
1,3576
0,3577
1,3578
1,3579
1,3580
1,3581
1,3582
1,3583
1,3584
0,3585
1,3586
1,3587
1,3588
1,3589
0,3590
1,3591
0,3592
1,3593
0,3594
1,3595
1,3596
0,3597
1,3598
1,3599
1,3600
1,3601
1,3602
1,3603
1,3604
1,3605
1,3606
1,3607
1,3608
1,3609
1,3610
1,3611
1,3612
1,3613
1,3614
1,3615
1,3616
1,3617
1,3618
1,3619
1,3620
1,3621
1,3622
1,3623
1,3624
1,3625
1,3626
1,3627
1,3628
1,3629
1,3630
1,3631
1,3632
1,3633
1,3634
0,3635
0,3636
1,3637
1,3638
1,3639
1,3640
0,3641
1,3642
1,3643
1,3644
1,3645
1,3646
1,3647
1,3648
1,3649
0,3650
0,3651
1,3652
0,3653
1,3654
0,3655
0,3656
1,3657
0,3658
1,3659
1,3660
1,3661
1,3662
1,3663
0,3664
1,3665
0,3666
1,3667
1,3668
1,3669
1,3670
1,3671
1,3672
1,3673
1,3674
1,3675
1,3676
1,3677
1,3678
1,3679
1,3680
1,3681
1,3682
1,3683
1,3684
1,3685
0,3686
1,3687
1,3688
1,3689
1,3690
0,3691
1,3692
1,3693
0,3694
1,3695
1,3696
1,3697
0,3698
0,3699
0,3700
1,3701
0,3702
1,3703
1,3704
1,3705
1,3706
1,3707
1,3708
0,3709
1,3710
1,3711
1,3712
1,3713
0,3714
1,3715
1,3716
1,3717
1,3718
1,3719
1,3720
1,3721
1,3722
1,3723
1,3724
1,3725
1,3726
1,3727
1,3728
1,3729
0,3730
1,3731
0,3732
1,3733
1,3734
1,3735
1,3736
1,3737
1,3738
1,3739
1,3740
1,3741
1,3742
1,3743
0,3744
1,3745
0,3746
1,3747
1,3748
1,3749
1,3750
0,3751
1,3752
1,3753
1,3754
1,3755
1,3756
1,3757
1,3758
1,3759
1,3760
1,3761
1,3762
1,3763
1,3764
1,3765
1,3766
0,3767
0,3768
0,3769
1,3770
1,3771
1,3772
1,3773
1,3774
0,3775
0,3776
1,3777
0,3778
0,3779
0,3780
0,3781
1,3782
1,3783
1,3784
1,3785
1,3786
1,3787
1,3788
1,3789
1,3790
1,3791
1,3792
1,3793
0,3794
0,3795
1,3796
1,3797
1,3798
0,3799
1,3800
1,3801
1,3802
1,3803
1,3804
1,3805
0,3806
1,3807
1,3808
1,3809
1,3810
1,3811
1,3812
1,3813
1,3814
1,3815
1,3816
1,3817
1,3818
1,3819
1,3820
1,3821
1,3822
1,3823
1,3824
1,3825
1,3826
1,3827
1,3828
1,3829
0,3830
0,3831
1,3832
1,3833
1,3834
1,3835
1,3836
1,3837
1,3838
1,3839
0,3840
1,3841
1,3842
1,3843
0,3844
1,3845
1,3846
0,3847
1,3848
0,3849
1,3850
1,3851
0,3852
1,3853
1,3854
1,3855
1,3856
1,3857
1,3858
1,3859
1,3860
1,3861
1,3862
1,3863
0,3864
1,3865
1,3866
1,3867
0,3868
1,3869
1,3870
0,3871
1,3872
0,3873
1,3874
0,3875
0,3876
0,3877
1,3878
0,3879
1,3880
1,3881
1,3882
1,3883
0,3884
1,3885
1,3886
1,3887
1,3888
0,3889
1,3890
1,3891
1,3892
1,3893
1,3894
0,3895
0,3896
1,3897
1,3898
0,3899
0,3900
0,3901
0,3902
1,3903
1,3904
0,3905
1,3906
1,3907
0,3908
0,3909
1,3910
0,3911
0,3912
0,3913
1,3914
1,3915
0,3916
1,3917
0,3918
0,3919
1,3920
1,3921
1,3922
1,3923
1,3924
0,3925
1,3926
0,3927
1,3928
1,3929
1,3930
1,3931
1,3932
1,3933
1,3934
0,3935
1,3936
0,3937
1,3938
1,3939
1,3940
1,3941
0,3942
0,3943
0,3944
0,3945
0,3946
0,3947
1,3948
1,3949
1,3950
1,3951
1,3952
1,3953
1,3954
1,3955
0,3956
1,3957
1,3958
1,3959
1,3960
1,3961
1,3962
1,3963
1,3964
1,3965
1,3966
1,3967
1,3968
1,3969
1,3970
1,3971
1,3972
1,3973
1,3974
1,3975
0,3976
0,3977
1,3978
1,3979
1,3980
1,3981
1,3982
1,3983
1,3984
0,3985
1,3986
1,3987
0,3988
1,3989
1,3990
1,3991
1,3992
1,3993
1,3994
1,3995
1,3996
1,3997
1,3998
1,3999
1,4000
0,4001
1,4002
0,4003
1,4004
0,4005
1,4006
1,4007
0,4008
1,4009
1,4010
1,4011
1,4012
0,4013
1,4014
1,4015
1,4016
1,4017
1,4018
1,4019
1,4020
1,4021
1,4022
1,4023
0,4024
1,4025
0,4026
1,4027
1,4028
1,4029
1,4030
1,4031
1,4032
1,4033
1,4034
1,4035
1,4036
1,4037
1,4038
0,4039
1,4040
1,4041
1,4042
1,4043
1,4044
1,4045
1,4046
1,4047
1,4048
1,4049
1,4050
1,4051
1,4052
1,4053
1,4054
1,4055
1,4056
1,4057
1,4058
1,4059
1,4060
1,4061
1,4062
1,4063
1,4064
1,4065
1,4066
1,4067
1,4068
1,4069
1,4070
1,4071
1,4072
1,4073
1,4074
1,4075
1,4076
1,4077
1,4078
1,4079
1,4080
1,4081
0,4082
1,4083
1,4084
1,4085
1,4086
0,4087
1,4088
1,4089
0,4090
0,4091
0,4092
0,4093
0,4094
1,4095
0,4096
1,4097
1,4098
1,4099
1,4100
1,4101
0,4102
1,4103
1,4104
1,4105
1,4106
1,4107
1,4108
1,4109
1,4110
1,4111
0,4112
1,4113
1,4114
1,4115
1,4116
1,4117
1,4118
1,4119
1,4120
1,4121
1,4122
1,4123
1,4124
0,4125
0,4126
1,4127
1,4128
1,4129
1,4130
1,4131
1,4132
1,4133
1,4134
0,4135
0,4136
1,4137
1,4138
1,4139
1,4140
1,4141
1,4142
1,4143
1,4144
1,4145
1,4146
1,4147
1,4148
1,4149
1,4150
1,4151
0,4152
1,4153
1,4154
1,4155
1,4156
1,4157
1,4158
1,4159
1,4160
1,4161
1,4162
1,4163
1,4164
1,4165
1,4166
1,4167
1,4168
1,4169
1,4170
1,4171
1,4172
1,4173
1,4174
1,4175
1,4176
1,4177
1,4178
1,4179
1,4180
1,4181
1,4182
1,4183
1,4184
1,4185
1,4186
1,4187
1,4188
1,4189
1,4190
1,4191
1,4192
1,4193
1,4194
1,4195
1,4196
1,4197
1,4198
1,4199
1,4200
1,4201
1,4202
1,4203
1,4204
1,4205
0,4206
1,4207
0,4208
1,4209
1,4210
0,4211
0,4212
1,4213
1,4214
1,4215
1,4216
1,4217
1,4218
1,4219
1,4220
1,4221
1,4222
0,4223
1,4224
1,4225
1,4226
0,4227
1,4228
1,4229
1,4230
1,4231
1,4232
1,4233
0,4234
1,4235
0,4236
1,4237
0,4238
1,4239
1,4240
1,4241
1,4242
1,4243
1,4244
0,4245
1,4246
1,4247
1,4248
1,4249
1,4250
1,4251
1,4252
1,4253
1,4254
1,4255
1,4256
1,4257
1,4258
1,4259
1,4260
1,4261
1,4262
1,4263
1,4264
1,4265
1,4266
1,4267
1,4268
1,4269
1,4270
1,4271
1,4272
1,4273
0,4274
1,4275
1,4276
1,4277
1,4278
1,4279
1,4280
0,4281
1,4282
1,4283
1,4284
1,4285
1,4286
1,4287
1,4288
1,4289
1,4290
1,4291
1,4292
1,4293
1,4294
1,4295
0,4296
1,4297
1,4298
1,4299
1,4300
1,4301
0,4302
1,4303
1,4304
1,4305
0,4306
1,4307
1,4308
1,4309
1,4310
1,4311
1,4312
1,4313
1,4314
1,4315
1,4316
1,4317
1,4318
1,4319
1,4320
1,4321
1,4322
1,4323
1,4324
0,4325
1,4326
1,4327
1,4328
1,4329
1,4330
1,4331
1,4332
1,4333
1,4334
1,4335
1,4336
1,4337
1,4338
1,4339
1,4340
0,4341
1,4342
1,4343
0,4344
1,4345
1,4346
1,4347
1,4348
1,4349
1,4350
1,4351
1,4352
1,4353
0,4354
1,4355
1,4356
1,4357
1,4358
1,4359
1,4360
1,4361
0,4362
0,4363
0,4364
1,4365
1,4366
1,4367
1,4368
1,4369
1,4370
1,4371
1,4372
1,4373
1,4374
1,4375
1,4376
1,4377
0,4378
1,4379
1,4380
1,4381
1,4382
1,4383
1,4384
0,4385
1,4386
1,4387
1,4388
1,4389
1,4390
1,4391
1,4392
1,4393
1,4394
1,4395
1,4396
1,4397
1,4398
1,4399
1,4400
0,4401
1,4402
1,4403
1,4404
1,4405
1,4406
0,4407
1,4408
1,4409
0,4410
1,4411
1,4412
1,4413
1,4414
1,4415
1,4416
1,4417
1,4418
1,4419
1,4420
1,4421
1,4422
1,4423
1,4424
0,4425
1,4426
1,4427
1,4428
1,4429
1,4430
1,4431
1,4432
1,4433
1,4434
1,4435
1,4436
1,4437
1,4438
1,4439
1,4440
1,4441
1,4442
0,4443
0,4444
1,4445
1,4446
1,4447
1,4448
1,4449
1,4450
1,4451
1,4452
1,4453
1,4454
1,4455
1,4456
1,4457
1,4458
1,4459
1,4460
1,4461
0,4462
1,4463
1,4464
1,4465
1,4466
1,4467
1,4468
1,4469
1,4470
1,4471
0,4472
1,4473
1,4474
1,4475
1,4476
1,4477
1,4478
1,4479
1,4480
1,4481
1,4482
1,4483
1,4484
1,4485
1,4486
1,4487
1,4488
1,4489
1,4490
0,4491
1,4492
1,4493
1,4494
0,4495
1,4496
0,4497
1,4498
1,4499
0,4500
1,4501
1,4502
1,4503
1,4504
1,4505
1,4506
1,4507
0,4508
0,4509
0,4510
0,4511
0,4512
1,4513
0,4514
1,4515
1,4516
1,4517
1,4518
1,4519
1,4520
1,4521
1,4522
1,4523
1,4524
0,4525
1,4526
1,4527
0,4528
0,4529
0,4530
0,4531
0,4532
0,4533
0,4534
0,4535
0,4536
0,4537
0,4538
0,4539
0,4540
0,4541
0,4542
1,4543
1,4544
1,4545
1,4546
1,4547
1,4548
1,4549
1,4550
1,4551
1,4552
0,4553
1,4554
0,4555
1,4556
0,4557
0,4558
0,4559
0,4560
1,4561
1,4562
1,4563
1,4564
1,4565
1,4566
1,4567
1,4568
1,4569
1,4570
1,4571
1,4572
1,4573
1,4574
1,4575
1,4576
0,4577
1,4578
1,4579
1,4580
1,4581
1,4582
0,4583
1,4584
0,4585
1,4586
1,4587
1,4588
1,4589
1,4590
1,4591
1,4592
1,4593
1,4594
1,4595
0,4596
0,4597
0,4598
1,4599
1,4600
1,4601
1,4602
1,4603
1,4604
1,4605
1,4606
1,4607
1,4608
1,4609
1,4610
1,4611
1,4612
1,4613
1,4614
1,4615
1,4616
1,4617
1,4618
0,4619
1,4620
1,4621
1,4622
1,4623
0,4624
1,4625
1,4626
1,4627
1,4628
1,4629
1,4630
1,4631
1,4632
1,4633
1,4634
1,4635
0,4636
1,4637
1,4638
1,4639
1,4640
1,4641
1,4642
1,4643
1,4644
1,4645
1,4646
1,4647
1,4648
1,4649
1,4650
1,4651
1,4652
1,4653
1,4654
1,4655
1,4656
1,4657
1,4658
1,4659
0,4660
1,4661
1,4662
1,4663
1,4664
1,4665
1,4666
1,4667
1,4668
1,4669
1,4670
1,4671
1,4672
1,4673
0,4674
1,4675
1,4676
1,4677
1,4678
1,4679
0,4680
1,4681
1,4682
1,4683
1,4684
1,4685
1,4686
1,4687
1,4688
1,4689
1,4690
1,4691
0,4692
1,4693
0,4694
0,4695
1,4696
1,4697
1,4698
0,4699
1,4700
1,4701
1,4702
1,4703
1,4704
1,4705
0,4706
1,4707
1,4708
1,4709
1,4710
1,4711
0,4712
1,4713
1,4714
1,4715
1,4716
1,4717
1,4718
1,4719
1,4720
1,4721
1,4722
1,4723
1,4724
1,4725
1,4726
1,4727
1,4728
1,4729
0,4730
1,4731
1,4732
1,4733
1,4734
1,4735
1,4736
1,4737
1,4738
1,4739
1,4740
1,4741
1,4742
0,4743
1,4744
1,4745
1,4746
1,4747
1,4748
1,4749
1,4750
1,4751
1,4752
1,4753
1,4754
1,4755
1,4756
1,4757
1,4758
1,4759
1,4760
1,4761
1,4762
1,4763
1,4764
1,4765
1,4766
1,4767
1,4768
1,4769
1,4770
1,4771
1,4772
1,4773
1,4774
1,4775
1,4776
1,4777
1,4778
1,4779
1,4780
1,4781
1,4782
1,4783
1,4784
1,4785
1,4786
1,4787
1,4788
1,4789
1,4790
1,4791
1,4792
1,4793
0,4794
1,4795
1,4796
0,4797
0,4798
1,4799
0,4800
1,4801
1,4802
0,4803
1,4804
1,4805
0,4806
1,4807
1,4808
1,4809
1,4810
0,4811
1,4812
1,4813
1,4814
1,4815
0,4816
1,4817
1,4818
1,4819
1,4820
1,4821
1,4822
1,4823
1,4824
0,4825
1,4826
1,4827
1,4828
1,4829
1,4830
1,4831
0,4832
1,4833
1,4834
1,4835
1,4836
1,4837
1,4838
1,4839
1,4840
1,4841
1,4842
1,4843
1,4844
1,4845
0,4846
1,4847
0,4848
1,4849
0,4850
0,4851
1,4852
1,4853
1,4854
1,4855
1,4856
1,4857
1,4858
1,4859
1,4860
1,4861
1,4862
1,4863
1,4864
1,4865
1,4866
1,4867
1,4868
1,4869
1,4870
1,4871
1,4872
1,4873
1,4874
1,4875
1,4876
0,4877
1,4878
1,4879
1,4880
1,4881
0,4882
0,4883
0,4884
0,4885
0,4886
0,4887
0,4888
0,4889
0,4890
0,4891
0,4892
0,4893
0,4894
0,4895
0,4896
0,4897
0,4898
0,4899
0,4900
0,4901
0,4902
0,4903
0,4904
0,4905
0,4906
0,4907
0,4908
0,4909
0,4910
0,4911
0,4912
0,4913
0,4914
0,4915
0,4916
0,4917
0,4918
0,4919
0,4920
0,4921
0,4922
0,4923
0,4924
0,4925
0,4926
0,4927
0,4928
0,4929
0,4930
0,4931
0,4932
0,4933
0,4934
0,4935
0,4936
0,4937
0,4938
0,4939
0,4940
0,4941
1,4942
1,4943
1,4944
1,4945
1,4946
0,4947
1,4948
0,4949
1,4950
1,4951
1,4952
1,4953
0,4954
1,4955
0,4956
1,4957
1,4958
1,4959
1,4960
1,4961
1,4962
1,4963
1,4964
1,4965
1,4966
1,4967
1,4968
1,4969
0,4970
1,4971
1,4972
1,4973
1,4974
0,4975
1,4976
1,4977
1,4978
1,4979
1,4980
0,4981
1,4982
1,4983
0,4984
1,4985
1,4986
1,4987
0,4988
1,4989
1,4990
1,4991
0,4992
1,4993
1,4994
1,4995
1,4996
0,4997
1,4998
0,4999
1,5000
1,5001
0,5002
0,5003
1,5004
0,5005
0,5006
1,5007
1,5008
1,5009
1,5010
1,5011
0,5012
0,5013
0,5014
1,5015
1,5016
0,5017
1,5018
1,5019
1,5020
1,5021
1,5022
1,5023
1,5024
1,5025
1,5026
1,5027
1,5028
1,5029
1,5030
1,5031
0,5032
1,5033
1,5034
1,5035
1,5036
1,5037
1,5038
0,5039
0,5040
1,5041
1,5042
1,5043
1,5044
1,5045
1,5046
1,5047
1,5048
1,5049
1,5050
1,5051
1,5052
0,5053
1,5054
1,5055
1,5056
1,5057
1,5058
0,5059
1,5060
1,5061
1,5062
0,5063
1,5064
1,5065
1,5066
1,5067
1,5068
1,5069
1,5070
1,5071
1,5072
0,5073
1,5074
1,5075
1,5076
0,5077
1,5078
1,5079
1,5080
1,5081
1,5082
1,5083
1,5084
1,5085
1,5086
1,5087
1,5088
1,5089
1,5090
0,5091
1,5092
1,5093
1,5094
1,5095
1,5096
1,5097
1,5098
1,5099
1,5100
1,5101
1,5102
0,5103
1,5104
1,5105
1,5106
1,5107
1,5108
1,5109
1,5110
0,5111
1,5112
1,5113
1,5114
1,5115
1,5116
1,5117
1,5118
1,5119
1,5120
1,5121
1,5122
1,5123
1,5124
1,5125
1,5126
1,5127
1,5128
1,5129
1,5130
1,5131
1,5132
0,5133
0,5134
1,5135
1,5136
1,5137
1,5138
1,5139
1,5140
1,5141
1,5142
1,5143
1,5144
1,5145
1,5146
1,5147
1,5148
1,5149
1,5150
1,5151
1,5152
1,5153
1,5154
1,5155
1,5156
1,5157
1,5158
1,5159
1,5160
1,5161
1,5162
1,5163
1,5164
1,5165
0,5166
0,5167
1,5168
0,5169
0,5170
1,5171
1,5172
1,5173
1,5174
0,5175
1,5176
1,5177
0,5178
1,5179
1,5180
1,5181
1,5182
1,5183
1,5184
1,5185
1,5186
1,5187
1,5188
1,5189
0,5190
1,5191
1,5192
1,5193
1,5194
1,5195
1,5196
1,5197
1,5198
0,5199
1,5200
1,5201
1,5202
1,5203
1,5204
1,5205
1,5206
1,5207
1,5208
1,5209
1,5210
1,5211
1,5212
1,5213
1,5214
1,5215
1,5216
0,5217
1,5218
1,5219
1,5220
1,5221
1,5222
1,5223
1,5224
1,5225
1,5226
1,5227
1,5228
1,5229
1,5230
1,5231
1,5232
1,5233
1,5234
1,5235
1,5236
1,5237
0,5238
0,5239
1,5240
1,5241
1,5242
1,5243
1,5244
1,5245
1,5246
1,5247
1,5248
1,5249
1,5250
1,5251
1,5252
1,5253
1,5254
1,5255
1,5256
0,5257
0,5258
1,5259
1,5260
1,5261
1,5262
1,5263
1,5264
1,5265
1,5266
1,5267
1,5268
1,5269
1,5270
0,5271
1,5272
1,5273
1,5274
1,5275
1,5276
1,5277
1,5278
1,5279
0,5280
1,5281
1,5282
0,5283
1,5284
1,5285
1,5286
1,5287
1,5288
1,5289
0,5290
0,5291
1,5292
1,5293
1,5294
1,5295
1,5296
1,5297
1,5298
1,5299
1,5300
1,5301
1,5302
1,5303
1,5304
1,5305
1,5306
1,5307
1,5308
1,5309
1,5310
1,5311
1,5312
1,5313
1,5314
1,5315
1,5316
1,5317
1,5318
1,5319
0,5320
0,5321
1,5322
1,5323
1,5324
1,5325
1,5326
1,5327
1,5328
1,5329
1,5330
1,5331
1,5332
1,5333
1,5334
1,5335
1,5336
1,5337
1,5338
0,5339
0,5340
1,5341
1,5342
1,5343
1,5344
0,5345
1,5346
1,5347
1,5348
1,5349
1,5350
1,5351
1,5352
1,5353
1,5354
1,5355
1,5356
1,5357
1,5358
1,5359
1,5360
1,5361
1,5362
0,5363
1,5364
1,5365
1,5366
1,5367
1,5368
1,5369
1,5370
1,5371
1,5372
1,5373
1,5374
1,5375
0,5376
1,5377
1,5378
1,5379
1,5380
1,5381
1,5382
1,5383
1,5384
1,5385
1,5386
1,5387
1,5388
1,5389
1,5390
1,5391
1,5392
1,5393
1,5394
1,5395
1,5396
1,5397
1,5398
1,5399
1,5400
1,5401
1,5402
1,5403
1,5404
1,5405
1,5406
1,5407
1,5408
1,5409
1,5410
1,5411
1,5412
1,5413
1,5414
1,5415
1,5416
0,5417
1,5418
1,5419
1,5420
1,5421
1,5422
1,5423
1,5424
1,5425
1,5426
1,5427
1,5428
1,5429
1,5430
1,5431
1,5432
0,5433
1,5434
1,5435
1,5436
1,5437
1,5438
1,5439
1,5440
1,5441
1,5442
1,5443
1,5444
1,5445
1,5446
1,5447
1,5448
1,5449
1,5450
1,5451
1,5452
1,5453
1,5454
1,5455
1,5456
1,5457
1,5458
1,5459
1,5460
1,5461
1,5462
1,5463
1,5464
0,5465
0,5466
0,5467
0,5468
1,5469
0,5470
1,5471
1,5472
1,5473
1,5474
0,5475
1,5476
1,5477
0,5478
1,5479
1,5480
0,5481
0,5482
1,5483
1,5484
1,5485
1,5486
1,5487
1,5488
1,5489
1,5490
1,5491
1,5492
1,5493
1,5494
0,5495
1,5496
0,5497
1,5498
1,5499
1,5500
1,5501
1,5502
1,5503
1,5504
1,5505
1,5506
1,5507
1,5508
1,5509
1,5510
1,5511
1,5512
1,5513
1,5514
1,5515
1,5516
1,5517
1,5518
1,5519
1,5520
1,5521
1,5522
1,5523
1,5524
1,5525
1,5526
1,5527
1,5528
1,5529
1,5530
1,5531
1,5532
1,5533
1,5534
1,5535
1,5536
1,5537
1,5538
1,5539
1,5540
1,5541
1,5542
1,5543
1,5544
1,5545
1,5546
1,5547
1,5548
0,5549
1,5550
1,5551
1,5552
1,5553
0,5554
1,5555
1,5556
1,5557
1,5558
1,5559
1,5560
1,5561
1,5562
1,5563
1,5564
1,5565
1,5566
1,5567
1,5568
1,5569
1,5570
1,5571
1,5572
0,5573
1,5574
1,5575
1,5576
1,5577
0,5578
1,5579
1,5580
1,5581
1,5582
1,5583
1,5584
1,5585
1,5586
0,5587
1,5588
1,5589
1,5590
1,5591
1,5592
1,5593
1,5594
0,5595
0,5596
1,5597
1,5598
1,5599
1,5600
1,5601
1,5602
1,5603
1,5604
1,5605
1,5606
1,5607
1,5608
1,5609
0,5610
1,5611
1,5612
1,5613
1,5614
1,5615
1,5616
1,5617
1,5618
1,5619
1,5620
1,5621
0,5622
1,5623
0,5624
1,5625
1,5626
1,5627
1,5628
0,5629
1,5630
1,5631
1,5632
1,5633
1,5634
1,5635
1,5636
1,5637
1,5638
0,5639
1,5640
1,5641
1,5642
1,5643
1,5644
1,5645
1,5646
1,5647
1,5648
1,5649
1,5650
1,5651
1,5652
1,5653
1,5654
1,5655
1,5656
1,5657
1,5658
1,5659
1,5660
1,5661
1,5662
0,5663
1,5664
1,5665
1,5666
1,5667
1,5668
1,5669
1,5670
1,5671
1,5672
0,5673
1,5674
1,5675
0,5676
1,5677
1,5678
1,5679
1,5680
1,5681
1,5682
1,5683
1,5684
1,5685
1,5686
1,5687
1,5688
1,5689
1,5690
1,5691
1,5692
1,5693
1,5694
1,5695
1,5696
1,5697
1,5698
1,5699
1,5700
1,5701
1,5702
1,5703
1,5704
1,5705
1,5706
1,5707
1,5708
1,5709
0,5710
0,5711
1,5712
1,5713
0,5714
1,5715
1,5716
1,5717
1,5718
1,5719
1,5720
1,5721
1,5722
0,5723
0,5724
1,5725
1,5726
1,5727
1,5728
1,5729
1,5730
1,5731
0,5732
0,5733
0,5734
1,5735
1,5736
1,5737
1,5738
1,5739
1,5740
1,5741
0,5742
0,5743
1,5744
1,5745
1,5746
1,5747
1,5748
1,5749
1,5750
1,5751
1,5752
1,5753
1,5754
1,5755
1,5756
0,5757
1,5758
1,5759
0,5760
1,5761
1,5762
1,5763
1,5764
1,5765
1,5766
1,5767
1,5768
0,5769
1,5770
1,5771
0,5772
0,5773
1,5774
1,5775
1,5776
1,5777
1,5778
1,5779
1,5780
1,5781
1,5782
1,5783
1,5784
1,5785
1,5786
1,5787
1,5788
1,5789
1,5790
1,5791
1,5792
1,5793
0,5794
1,5795
1,5796
1,5797
1,5798
1,5799
1,5800
1,5801
1,5802
1,5803
1,5804
1,5805
1,5806
1,5807
1,5808
0,5809
1,5810
1,5811
0,5812
1,5813
1,5814
1,5815
1,5816
1,5817
1,5818
1,5819
0,5820
1,5821
1,5822
1,5823
1,5824
1,5825
1,5826
1,5827
1,5828
1,5829
1,5830
1,5831
1,5832
1,5833
1,5834
1,5835
1,5836
1,5837
1,5838
1,5839
1,5840
1,5841
1,5842
1,5843
1,5844
1,5845
1,5846
0,5847
0,5848
1,5849
1,5850
1,5851
1,5852
1,5853
1,5854
1,5855
1,5856
0,5857
1,5858
1,5859
0,5860
1,5861
1,5862
0,5863
1,5864
0,5865
0,5866
1,5867
1,5868
1,5869
1,5870
1,5871
1,5872
1,5873
1,5874
1,5875
1,5876
1,5877
1,5878
1,5879
1,5880
1,5881
1,5882
1,5883
1,5884
1,5885
0,5886
1,5887
1,5888
0,5889
1,5890
1,5891
1,5892
1,5893
1,5894
1,5895
1,5896
1,5897
1,5898
1,5899
1,5900
0,5901
0,5902
0,5903
0,5904
0,5905
0,5906
0,5907
0,5908
0,5909
0,5910
0,5911
0,5912
0,5913
0,5914
0,5915
0,5916
0,5917
0,5918
0,5919
0,5920
0,5921
0,5922
0,5923
0,5924
1,5925
0,5926
0,5927
0,5928
0,5929
0,5930
0,5931
0,5932
0,5933
0,5934
0,5935
0,5936
0,5937
0,5938
0,5939
0,5940
0,5941
0,5942
0,5943
0,5944
0,5945
0,5946
1,5947
1,5948
1,5949
0,5950
1,5951
1,5952
1,5953
1,5954
1,5955
1,5956
1,5957
1,5958
0,5959
1,5960
1,5961
1,5962
0,5963
0,5964
0,5965
1,5966
1,5967
1,5968
1,5969
1,5970
1,5971
1,5972
1,5973
1,5974
1,5975
1,5976
1,5977
1,5978
1,5979
0,5980
1,5981
1,5982
1,5983
1,5984
1,5985
1,5986
1,5987
1,5988
1,5989
1,5990
1,5991
1,5992
1,5993
1,5994
1,5995
1,5996
1,5997
1,5998
1,5999
1,6000
1,6001
1,6002
1,6003
1,6004
1,6005
1,6006
1,6007
1,6008
1,6009
1,6010
1,6011
1,6012
1,6013
1,6014
1,6015
1,6016
1,6017
1,6018
1,6019
1,6020
1,6021
1,6022
1,6023
1,6024
1,6025
1,6026
1,6027
1,6028
1,6029
0,6030
1,6031
1,6032
1,6033
1,6034
1,6035
1,6036
1,6037
1,6038
1,6039
1,6040
1,6041
1,6042
1,6043
1,6044
1,6045
1,6046
1,6047
1,6048
0,6049
1,6050
0,6051
1,6052
1,6053
0,6054
1,6055
1,6056
1,6057
1,6058
1,6059
1,6060
0,6061
1,6062
1,6063
1,6064
1,6065
0,6066
1,6067
1,6068
1,6069
1,6070
1,6071
1,6072
1,6073
1,6074
1,6075
1,6076
0,6077
1,6078
1,6079
1,6080
1,6081
1,6082
1,6083
1,6084
1,6085
1,6086
1,6087
1,6088
1,6089
1,6090
1,6091
1,6092
1,6093
1,6094
1,6095
1,6096
1,6097
1,6098
1,6099
1,6100
1,6101
1,6102
1,6103
1,6104
1,6105
1,6106
1,6107
1,6108
1,6109
1,6110
1,6111
1,6112
1,6113
1,6114
1,6115
1,6116
1,6117
1,6118
1,6119
1,6120
1,6121
1,6122
1,6123
1,6124
1,6125
0,6126
1,6127
1,6128
0,6129
0,6130
1,6131
1,6132
1,6133
1,6134
1,6135
1,6136
1,6137
1,6138
1,6139
1,6140
1,6141
1,6142
1,6143
0,6144
1,6145
1,6146
1,6147
1,6148
1,6149
1,6150
1,6151
1,6152
1,6153
0,6154
1,6155
0,6156
0,6157
0,6158
1,6159
1,6160
1,6161
1,6162
1,6163
1,6164
1,6165
1,6166
1,6167
1,6168
1,6169
1,6170
1,6171
0,6172
1,6173
1,6174
1,6175
1,6176
1,6177
1,6178
1,6179
1,6180
1,6181
1,6182
1,6183
0,6184
1,6185
1,6186
1,6187
1,6188
1,6189
1,6190
1,6191
1,6192
1,6193
1,6194
1,6195
1,6196
1,6197
1,6198
1,6199
1,6200
1,6201
1,6202
1,6203
1,6204
1,6205
1,6206
1,6207
1,6208
1,6209
1,6210
1,6211
1,6212
0,6213
1,6214
1,6215
1,6216
1,6217
1,6218
1,6219
1,6220
1,6221
1,6222
1,6223
1,6224
1,6225
1,6226
1,6227
1,6228
1,6229
0,6230
1,6231
1,6232
1,6233
1,6234
1,6235
1,6236
0,6237
1,6238
1,6239
1,6240
1,6241
0,6242
0,6243
1,6244
1,6245
1,6246
1,6247
0,6248
1,6249
1,6250
1,6251
1,6252
1,6253
1,6254
1,6255
1,6256
1,6257
1,6258
1,6259
1,6260
1,6261
1,6262
1,6263
1,6264
1,6265
1,6266
1,6267
1,6268
0,6269
1,6270
0,6271
1,6272
1,6273
1,6274
1,6275
1,6276
1,6277
1,6278
0,6279
0,6280
1,6281
1,6282
1,6283
1,6284
1,6285
1,6286
1,6287
1,6288
1,6289
1,6290
1,6291
1,6292
1,6293
1,6294
1,6295
1,6296
1,6297
1,6298
1,6299
1,6300
1,6301
1,6302
1,6303
1,6304
1,6305
1,6306
1,6307
1,6308
1,6309
1,6310
1,6311
1,6312
1,6313
1,6314
1,6315
1,6316
1,6317
1,6318
1,6319
1,6320
1,6321
1,6322
0,6323
1,6324
1,6325
1,6326
0,6327
1,6328
1,6329
1,6330
1,6331
1,6332
1,6333
0,6334
1,6335
0,6336
1,6337
1,6338
1,6339
1,6340
1,6341
1,6342
1,6343
1,6344
1,6345
1,6346
1,6347
0,6348
0,6349
0,6350
1,6351
1,6352
1,6353
0,6354
1,6355
0,6356
1,6357
1,6358
1,6359
0,6360
0,6361
0,6362
0,6363
1,6364
1,6365
1,6366
1,6367
1,6368
1,6369
1,6370
1,6371
1,6372
1,6373
1,6374
1,6375
1,6376
0,6377
1,6378
0,6379
1,6380
1,6381
1,6382
1,6383
1,6384
1,6385
1,6386
1,6387
1,6388
1,6389
1,6390
1,6391
1,6392
1,6393
1,6394
1,6395
0,6396
1,6397
1,6398
1,6399
0,6400
1,6401
1,6402
1,6403
1,6404
1,6405
1,6406
1,6407
1,6408
1,6409
1,6410
1,6411
1,6412
1,6413
1,6414
1,6415
1,6416
1,6417
1,6418
1,6419
1,6420
1,6421
1,6422
1,6423
1,6424
1,6425
0,6426
1,6427
1,6428
0,6429
0,6430
0,6431
1,6432
1,6433
0,6434
0,6435
1,6436
1,6437
0,6438
1,6439
1,6440
1,6441
1,6442
1,6443
1,6444
1,6445
1,6446
1,6447
0,6448
1,6449
1,6450
1,6451
1,6452
1,6453
1,6454
1,6455
1,6456
1,6457
0,6458
1,6459
1,6460
1,6461
1,6462
1,6463
1,6464
0,6465
0,6466
1,6467
1,6468
1,6469
1,6470
1,6471
1,6472
1,6473
1,6474
1,6475
1,6476
1,6477
1,6478
1,6479
1,6480
1,6481
1,6482
1,6483
1,6484
1,6485
0,6486
0,6487
1,6488
1,6489
1,6490
1,6491
0,6492
0,6493
1,6494
0,6495
0,6496
1,6497
1,6498
1,6499
1,6500
1,6501
1,6502
1,6503
0,6504
1,6505
1,6506
1,6507
1,6508
1,6509
1,6510
1,6511
1,6512
1,6513
1,6514
1,6515
1,6516
0,6517
1,6518
1,6519
0,6520
0,6521
1,6522
1,6523
1,6524
1,6525
0,6526
1,6527
1,6528
1,6529
1,6530
1,6531
0,6532
1,6533
0,6534
0,6535
0,6536
0,6537
1,6538
1,6539
0,6540
0,6541
1,6542
1,6543
1,6544
1,6545
1,6546
1,6547
1,6548
1,6549
1,6550
1,6551
1,6552
1,6553
1,6554
1,6555
1,6556
1,6557
1,6558
1,6559
1,6560
1,6561
1,6562
1,6563
1,6564
1,6565
0,6566
1,6567
1,6568
1,6569
1,6570
0,6571
1,6572
1,6573
1,6574
1,6575
1,6576
1,6577
0,6578
1,6579
1,6580
1,6581
1,6582
1,6583
1,6584
1,6585
1,6586
1,6587
1,6588
1,6589
0,6590
1,6591
1,6592
1,6593
1,6594
1,6595
1,6596
1,6597
1,6598
1,6599
1,6600
0,6601
0,6602
1,6603
1,6604
1,6605
1,6606
1,6607
1,6608
1,6609
1,6610
1,6611
1,6612
1,6613
1,6614
1,6615
1,6616
1,6617
1,6618
1,6619
1,6620
1,6621
1,6622
1,6623
1,6624
1,6625
1,6626
1,6627
1,6628
1,6629
1,6630
1,6631
1,6632
1,6633
1,6634
1,6635
0,6636
1,6637
0,6638
1,6639
1,6640
1,6641
1,6642
1,6643
1,6644
0,6645
1,6646
0,6647
0,6648
1,6649
0,6650
1,6651
1,6652
1,6653
1,6654
0,6655
1,6656
1,6657
1,6658
0,6659
1,6660
0,6661
1,6662
1,6663
1,6664
1,6665
1,6666
1,6667
0,6668
0,6669
0,6670
1,6671
1,6672
1,6673
1,6674
1,6675
0,6676
1,6677
0,6678
1,6679
1,6680
1,6681
1,6682
1,6683
1,6684
1,6685
1,6686
1,6687
1,6688
1,6689
1,6690
0,6691
1,6692
1,6693
1,6694
0,6695
0,6696
1,6697
1,6698
0,6699
1,6700
1,6701
1,6702
1,6703
1,6704
0,6705
1,6706
1,6707
1,6708
0,6709
1,6710
1,6711
0,6712
1,6713
1,6714
1,6715
1,6716
1,6717
1,6718
1,6719
1,6720
1,6721
1,6722
1,6723
0,6724
1,6725
1,6726
1,6727
1,6728
1,6729
1,6730
0,6731
1,6732
1,6733
1,6734
1,6735
1,6736
1,6737
1,6738
1,6739
1,6740
1,6741
1,6742
1,6743
1,6744
1,6745
0,6746
1,6747
1,6748
1,6749
1,6750
1,6751
1,6752
1,6753
1,6754
1,6755
1,6756
1,6757
1,6758
1,6759
1,6760
0,6761
1,6762
1,6763
0,6764
1,6765
1,6766
1,6767
0,6768
0,6769
1,6770
0,6771
1,6772
1,6773
1,6774
0,6775
0,6776
1,6777
1,6778
1,6779
1,6780
1,6781
1,6782
1,6783
1,6784
1,6785
1,6786
1,6787
1,6788
1,6789
1,6790
1,6791
1,6792
1,6793
1,6794
1,6795
1,6796
1,6797
1,6798
0,6799
0,6800
1,6801
0,6802
1,6803
1,6804
1,6805
1,6806
1,6807
1,6808
1,6809
1,6810
1,6811
1,6812
1,6813
1,6814
1,6815
1,6816
1,6817
1,6818
1,6819
1,6820
0,6821
0,6822
0,6823
0,6824
0,6825
0,6826
0,6827
0,6828
0,6829
0,6830
0,6831
0,6832
0,6833
0,6834
0,6835
0,6836
0,6837
0,6838
0,6839
0,6840
0,6841
0,6842
1,6843
1,6844
1,6845
1,6846
1,6847
0,6848
1,6849
1,6850
0,6851
1,6852
1,6853
0,6854
1,6855
1,6856
1,6857
1,6858
0,6859
1,6860
1,6861
1,6862
1,6863
1,6864
1,6865
1,6866
1,6867
1,6868
1,6869
1,6870
1,6871
0,6872
1,6873
1,6874
1,6875
1,6876
1,6877
1,6878
1,6879
1,6880
0,6881
0,6882
0,6883
1,6884
1,6885
1,6886
1,6887
1,6888
1,6889
1,6890
1,6891
1,6892
1,6893
1,6894
1,6895
1,6896
1,6897
1,6898
1,6899
1,6900
1,6901
1,6902
0,6903
1,6904
1,6905
1,6906
1,6907
1,6908
1,6909
1,6910
1,6911
1,6912
1,6913
0,6914
1,6915
1,6916
1,6917
1,6918
1,6919
1,6920
1,6921
1,6922
1,6923
1,6924
1,6925
1,6926
1,6927
1,6928
1,6929
1,6930
1,6931
1,6932
1,6933
1,6934
1,6935
1,6936
0,6937
1,6938
1,6939
1,6940
0,6941
1,6942
0,6943
1,6944
1,6945
1,6946
1,6947
1,6948
1,6949
1,6950
1,6951
1,6952
1,6953
1,6954
1,6955
1,6956
0,6957
1,6958
1,6959
1,6960
1,6961
0,6962
1,6963
1,6964
1,6965
1,6966
1,6967
1,6968
1,6969
1,6970
1,6971
1,6972
1,6973
1,6974
1,6975
1,6976
1,6977
1,6978
0,6979
1,6980
1,6981
1,6982
1,6983
1,6984
1,6985
1,6986
1,6987
1,6988
0,6989
1,6990
0,6991
1,6992
1,6993
0,6994
0,6995
1,6996
1,6997
1,6998
1,6999
1,7000
0,7001
0,7002
1,7003
1,7004
0,7005
1,7006
1,7007
1,7008
1,7009
1,7010
1,7011
1,7012
1,7013
1,7014
1,7015
1,7016
1,7017
1,7018
1,7019
0,7020
1,7021
1,7022
1,7023
1,7024
0,7025
1,7026
1,7027
0,7028
1,7029
1,7030
1,7031
1,7032
1,7033
1,7034
1,7035
1,7036
1,7037
1,7038
1,7039
1,7040
1,7041
1,7042
1,7043
1,7044
1,7045
1,7046
0,7047
1,7048
1,7049
1,7050
0,7051
1,7052
1,7053
1,7054
0,7055
1,7056
1,7057
1,7058
1,7059
1,7060
1,7061
1,7062
1,7063
1,7064
1,7065
0,7066
0,7067
1,7068
1,7069
1,7070
1,7071
1,7072
0,7073
1,7074
1,7075
1,7076
0,7077
0,7078
1,7079
0,7080
0,7081
1,7082
0,7083
1,7084
0,7085
0,7086
0,7087
0,7088
0,7089
0,7090
1,7091
0,7092
0,7093
0,7094
1,7095
0,7096
1,7097
1,7098
1,7099
1,7100
0,7101
1,7102
1,7103
0,7104
1,7105
0,7106
1,7107
1,7108
0,7109
1,7110
1,7111
1,7112
0,7113
1,7114
1,7115
1,7116
1,7117
1,7118
1,7119
1,7120
0,7121
1,7122
1,7123
1,7124
1,7125
1,7126
1,7127
1,7128
1,7129
1,7130
1,7131
1,7132
1,7133
1,7134
1,7135
0,7136
1,7137
1,7138
1,7139
1,7140
1,7141
1,7142
1,7143
1,7144
1,7145
1,7146
1,7147
0,7148
1,7149
1,7150
0,7151
1,7152
1,7153
1,7154
1,7155
1,7156
1,7157
1,7158
1,7159
0,7160
1,7161
1,7162
1,7163
0,7164
0,7165
1,7166
1,7167
0,7168
0,7169
1,7170
1,7171
1,7172
1,7173
1,7174
0,7175
1,7176
1,7177
1,7178
1,7179
1,7180
1,7181
1,7182
1,7183
1,7184
1,7185
1,7186
1,7187
1,7188
1,7189
1,7190
1,7191
1,7192
1,7193
1,7194
1,7195
1,7196
1,7197
1,7198
0,7199
1,7200
0,7201
1,7202
1,7203
0,7204
0,7205
1,7206
0,7207
1,7208
0,7209
1,7210
1,7211
1,7212
1,7213
0,7214
1,7215
1,7216
1,7217
1,7218
1,7219
1,7220
0,7221
1,7222
1,7223
1,7224
1,7225
1,7226
1,7227
1,7228
1,7229
1,7230
0,7231
0,7232
0,7233
1,7234
1,7235
1,7236
1,7237
0,7238
0,7239
1,7240
0,7241
1,7242
1,7243
1,7244
1,7245
0,7246
1,7247
1,7248
1,7249
0,7250
0,7251
1,7252
1,7253
1,7254
0,7255
1,7256
1,7257
0,7258
1,7259
1,7260
1,7261
1,7262
1,7263
1,7264
1,7265
1,7266
1,7267
1,7268
0,7269
1,7270
1,7271
1,7272
1,7273
1,7274
1,7275
1,7276
1,7277
1,7278
1,7279
1,7280
1,7281
0,7282
1,7283
1,7284
1,7285
1,7286
0,7287
1,7288
1,7289
1,7290
1,7291
1,7292
1,7293
1,7294
1,7295
0,7296
0,7297
1,7298
1,7299
0,7300
1,7301
0,7302
1,7303
1,7304
1,7305
0,7306
1,7307
1,7308
1,7309
1,7310
1,7311
1,7312
1,7313
1,7314
1,7315
1,7316
1,7317
1,7318
1,7319
1,7320
1,7321
1,7322
1,7323
0,7324
1,7325
1,7326
1,7327
1,7328
1,7329
1,7330
1,7331
1,7332
1,7333
1,7334
1,7335
1,7336
1,7337
1,7338
1,7339
1,7340
1,7341
1,7342
1,7343
1,7344
1,7345
1,7346
0,7347
1,7348
1,7349
1,7350
1,7351
1,7352
1,7353
1,7354
1,7355
0,7356
0,7357
1,7358
1,7359
1,7360
1,7361
1,7362
1,7363
1,7364
1,7365
1,7366
1,7367
1,7368
1,7369
0,7370
1,7371
1,7372
1,7373
1,7374
1,7375
0,7376
1,7377
1,7378
1,7379
1,7380
1,7381
1,7382
1,7383
1,7384
1,7385
1,7386
0,7387
1,7388
1,7389
1,7390
1,7391
1,7392
1,7393
1,7394
1,7395
1,7396
1,7397
0,7398
1,7399
1,7400
1,7401
1,7402
1,7403
0,7404
0,7405
1,7406
1,7407
1,7408
1,7409
1,7410
1,7411
1,7412
0,7413
1,7414
1,7415
1,7416
0,7417
1,7418
1,7419
1,7420
1,7421
0,7422
1,7423
1,7424
1,7425
1,7426
1,7427
1,7428
1,7429
1,7430
0,7431
0,7432
1,7433
1,7434
1,7435
1,7436
1,7437
1,7438
1,7439
1,7440
1,7441
1,7442
1,7443
1,7444
1,7445
1,7446
1,7447
0,7448
1,7449
1,7450
1,7451
1,7452
1,7453
1,7454
1,7455
1,7456
1,7457
1,7458
1,7459
1,7460
1,7461
1,7462
1,7463
0,7464
1,7465
1,7466
1,7467
1,7468
0,7469
1,7470
1,7471
1,7472
1,7473
1,7474
1,7475
1,7476
1,7477
1,7478
1,7479
0,7480
1,7481
1,7482
1,7483
1,7484
1,7485
1,7486
1,7487
1,7488
1,7489
1,7490
1,7491
1,7492
1,7493
1,7494
1,7495
1,7496
1,7497
1,7498
0,7499
0,7500
1,7501
0,7502
0,7503
1,7504
1,7505
1,7506
1,7507
1,7508
1,7509
1,7510
1,7511
0,7512
1,7513
1,7514
1,7515
1,7516
1,7517
1,7518
1,7519
1,7520
1,7521
1,7522
1,7523
1,7524
1,7525
1,7526
1,7527
1,7528
1,7529
1,7530
1,7531
1,7532
1,7533
1,7534
1,7535
1,7536
1,7537
1,7538
1,7539
1,7540
0,7541
1,7542
1,7543
1,7544
1,7545
1,7546
1,7547
1,7548
1,7549
1,7550
1,7551
1,7552
1,7553
1,7554
1,7555
1,7556
1,7557
1,7558
1,7559
1,7560
1,7561
1,7562
0,7563
0,7564
1,7565
0,7566
1,7567
1,7568
1,7569
1,7570
1,7571
1,7572
1,7573
1,7574
1,7575
1,7576
1,7577
0,7578
1,7579
1,7580
0,7581
1,7582
1,7583
1,7584
1,7585
1,7586
1,7587
0,7588
1,7589
1,7590
1,7591
1,7592
1,7593
0,7594
1,7595
1,7596
1,7597
1,7598
1,7599
1,7600
1,7601
1,7602
1,7603
1,7604
1,7605
1,7606
1,7607
0,7608
1,7609
1,7610
1,7611
1,7612
1,7613
1,7614
1,7615
1,7616
1,7617
1,7618
0,7619
1,7620
0,7621
1,7622
1,7623
1,7624
1,7625
0,7626
1,7627
1,7628
1,7629
0,7630
1,7631
1,7632
1,7633
1,7634
1,7635
1,7636
1,7637
1,7638
1,7639
1,7640
1,7641
1,7642
1,7643
1,7644
1,7645
1,7646
1,7647
1,7648
1,7649
1,7650
1,7651
1,7652
1,7653
1,7654
1,7655
1,7656
1,7657
0,7658
1,7659
1,7660
1,7661
1,7662
1,7663
1,7664
1,7665
1,7666
1,7667
0,7668
1,7669
1,7670
1,7671
0,7672
1,7673
1,7674
1,7675
1,7676
0,7677
1,7678
1,7679
0,7680
1,7681
1,7682
1,7683
1,7684
1,7685
1,7686
1,7687
0,7688
1,7689
1,7690
1,7691
1,7692
1,7693
1,7694
1,7695
1,7696
1,7697
1,7698
1,7699
1,7700
1,7701
1,7702
1,7703
1,7704
1,7705
1,7706
1,7707
1,7708
1,7709
1,7710
1,7711
1,7712
1,7713
1,7714
1,7715
1,7716
1,7717
0,7718
1,7719
1,7720
1,7721
0,7722
1,7723
1,7724
1,7725
1,7726
1,7727
1,7728
1,7729
1,7730
1,7731
1,7732
1,7733
1,7734
1,7735
1,7736
1,7737
1,7738
0,7739
1,7740
1,7741
1,7742
1,7743
1,7744
1,7745
1,7746
1,7747
1,7748
1,7749
1,7750
1,7751
1,7752
1,7753
1,7754
1,7755
0,7756
1,7757
1,7758
1,7759
1,7760
1,7761
0,7762
0,7763
1,7764
1,7765
1,7766
1,7767
1,7768
1,7769
1,7770
0,7771
1,7772
1,7773
1,7774
1,7775
0,7776
1,7777
0,7778
1,7779
1,7780
1,7781
1,7782
1,7783
1,7784
1,7785
0,7786
1,7787
1,7788
1,7789
0,7790
1,7791
1,7792
1,7793
1,7794
1,7795
1,7796
0,7797
0,7798
1,7799
1,7800
1,7801
1,7802
1,7803
1,7804
1,7805
1,7806
1,7807
1,7808
1,7809
0,7810
1,7811
1,7812
1,7813
1,7814
1,7815
1,7816
0,7817
0,7818
0,7819
1,7820
1,7821
1,7822
1,7823
1,7824
1,7825
1,7826
1,7827
1,7828
1,7829
1,7830
1,7831
1,7832
1,7833
1,7834
1,7835
0,7836
1,7837
1,7838
1,7839
1,7840
1,7841
1,7842
0,7843
1,7844
1,7845
0,7846
1,7847
1,7848
1,7849
1,7850
1,7851
1,7852
1,7853
1,7854
1,7855
0,7856
1,7857
1,7858
1,7859
0,7860
1,7861
1,7862
0,7863
1,7864
1,7865
1,7866
1,7867
1,7868
1,7869
1,7870
1,7871
1,7872
1,7873
1,7874
1,7875
1,7876
1,7877
1,7878
1,7879
1,7880
1,7881
0,7882
1,7883
1,7884
1,7885
1,7886
1,7887
1,7888
0,7889
1,7890
1,7891
1,7892
1,7893
1,7894
1,7895
1,7896
1,7897
1,7898
1,7899
1,7900
0,7901
1,7902
1,7903
1,7904
1,7905
0,7906
1,7907
1,7908
1,7909
1,7910
1,7911
1,7912
1,7913
0,7914
1,7915
1,7916
0,7917
1,7918
1,7919
1,7920
1,7921
1,7922
1,7923
1,7924
1,7925
1,7926
1,7927
1,7928
0,7929
1,7930
0,7931
0,7932
1,7933
1,7934
1,7935
1,7936
0,7937
1,7938
0,7939
1,7940
1,7941
1,7942
1,7943
1,7944
0,7945
0,7946
0,7947
1,7948
1,7949
1,7950
1,7951
1,7952
1,7953
1,7954
1,7955
1,7956
0,7957
1,7958
1,7959
1,7960
1,7961
1,7962
1,7963
1,7964
1,7965
0,7966
1,7967
1,7968
1,7969
1,7970
1,7971
1,7972
1,7973
1,7974
1,7975
1,7976
0,7977
1,7978
1,7979
1,7980
1,7981
1,7982
0,7983
1,7984
1,7985
0,7986
0,7987
1,7988
1,7989
1,7990
1,7991
1,7992
0,7993
1,7994
1,7995
1,7996
1,7997
1,7998
1,7999
1,8000
1,8001
1,8002
1,8003
1,8004
1,8005
1,8006
1,8007
1,8008
1,8009
0,8010
1,8011
1,8012
1,8013
1,8014
1,8015
1,8016
1,8017
1,8018
1,8019
1,8020
1,8021
1,8022
1,8023
1,8024
1,8025
1,8026
1,8027
1,8028
1,8029
1,8030
1,8031
1,8032
1,8033
0,8034
1,8035
1,8036
0,8037
0,8038
1,8039
1,8040
1,8041
1,8042
1,8043
0,8044
1,8045
0,8046
0,8047
1,8048
1,8049
1,8050
0,8051
1,8052
1,8053
1,8054
0,8055
1,8056
1,8057
1,8058
1,8059
1,8060
0,8061
1,8062
1,8063
1,8064
1,8065
1,8066
1,8067
1,8068
1,8069
1,8070
1,8071
1,8072
1,8073
0,8074
1,8075
1,8076
0,8077
1,8078
1,8079
1,8080
1,8081
1,8082
1,8083
1,8084
1,8085
1,8086
1,8087
1,8088
1,8089
1,8090
1,8091
1,8092
1,8093
1,8094
1,8095
1,8096
1,8097
0,8098
1,8099
1,8100
1,8101
0,8102
1,8103
0,8104
1,8105
1,8106
1,8107
1,8108
1,8109
0,8110
1,8111
0,8112
0,8113
1,8114
1,8115
1,8116
1,8117
1,8118
0,8119
1,8120
1,8121
1,8122
0,8123
0,8124
1,8125
0,8126
1,8127
1,8128
0,8129
1,8130
1,8131
1,8132
1,8133
0,8134
1,8135
1,8136
1,8137
0,8138
1,8139
1,8140
1,8141
1,8142
1,8143
1,8144
1,8145
1,8146
1,8147
1,8148
1,8149
1,8150
1,8151
0,8152
1,8153
1,8154
1,8155
1,8156
1,8157
1,8158
0,8159
0,8160
1,8161
1,8162
1,8163
1,8164
0,8165
1,8166
1,8167
1,8168
1,8169
1,8170
1,8171
1,8172
1,8173
1,8174
1,8175
1,8176
1,8177
1,8178
1,8179
1,8180
1,8181
1,8182
1,8183
1,8184
1,8185
1,8186
1,8187
1,8188
1,8189
1,8190
0,8191
0,8192
0,8193
1,8194
1,8195
1,8196
1,8197
1,8198
1,8199
1,8200
1,8201
1,8202
1,8203
1,8204
1,8205
1,8206
1,8207
1,8208
1,8209
1,8210
1,8211
1,8212
1,8213
1,8214
0,8215
1,8216
1,8217
1,8218
1,8219
1,8220
1,8221
1,8222
1,8223
1,8224
1,8225
1,8226
0,8227
1,8228
1,8229
1,8230
1,8231
1,8232
1,8233
1,8234
1,8235
1,8236
0,8237
1,8238
0,8239
1,8240
1,8241
1,8242
1,8243
1,8244
1,8245
1,8246
1,8247
1,8248
1,8249
0,8250
1,8251
1,8252
1,8253
1,8254
1,8255
1,8256
1,8257
1,8258
1,8259
1,8260
1,8261
1,8262
1,8263
1,8264
1,8265
1,8266
1,8267
1,8268
1,8269
0,8270
1,8271
0,8272
1,8273
1,8274
1,8275
1,8276
1,8277
1,8278
1,8279
1,8280
1,8281
1,8282
1,8283
1,8284
1,8285
1,8286
1,8287
1,8288
1,8289
1,8290
1,8291
1,8292
1,8293
1,8294
1,8295
1,8296
1,8297
1,8298
1,8299
1,8300
0,8301
0,8302
1,8303
1,8304
0,8305
0,8306
0,8307
1,8308
1,8309
1,8310
1,8311
1,8312
0,8313
0,8314
1,8315
1,8316
1,8317
1,8318
0,8319
1,8320
0,8321
1,8322
1,8323
0,8324
1,8325
1,8326
1,8327
1,8328
1,8329
1,8330
1,8331
1,8332
1,8333
1,8334
1,8335
1,8336
1,8337
1,8338
0,8339
1,8340
1,8341
1,8342
0,8343
0,8344
1,8345
0,8346
1,8347
1,8348
1,8349
1,8350
1,8351
1,8352
1,8353
1,8354
1,8355
1,8356
1,8357
1,8358
1,8359
1,8360
1,8361
1,8362
1,8363
1,8364
1,8365
1,8366
1,8367
1,8368
1,8369
1,8370
1,8371
1,8372
1,8373
0,8374
1,8375
1,8376
0,8377
1,8378
1,8379
1,8380
1,8381
1,8382
1,8383
1,8384
1,8385
1,8386
1,8387
1,8388
1,8389
1,8390
0,8391
1,8392
1,8393
0,8394
0,8395
0,8396
1,8397
1,8398
1,8399
0,8400
1,8401
0,8402
1,8403
1,8404
1,8405
1,8406
1,8407
1,8408
1,8409
1,8410
1,8411
1,8412
1,8413
1,8414
1,8415
1,8416
1,8417
1,8418
1,8419
1,8420
1,8421
1,8422
1,8423
1,8424
1,8425
1,8426
1,8427
1,8428
1,8429
1,8430
1,8431
1,8432
1,8433
1,8434
1,8435
1,8436
1,8437
1,8438
1,8439
1,8440
1,8441
1,8442
1,8443
1,8444
1,8445
1,8446
1,8447
0,8448
1,8449
1,8450
1,8451
0,8452
1,8453
0,8454
1,8455
0,8456
1,8457
1,8458
0,8459
1,8460
1,8461
1,8462
1,8463
1,8464
1,8465
1,8466
1,8467
1,8468
1,8469
1,8470
1,8471
1,8472
1,8473
1,8474
1,8475
1,8476
1,8477
1,8478
1,8479
1,8480
1,8481
1,8482
1,8483
0,8484
1,8485
1,8486
1,8487
1,8488
1,8489
1,8490
1,8491
1,8492
1,8493
1,8494
1,8495
0,8496
0,8497
1,8498
1,8499
1,8500
1,8501
1,8502
1,8503
1,8504
0,8505
1,8506
1,8507
1,8508
1,8509
1,8510
1,8511
1,8512
1,8513
0,8514
1,8515
1,8516
1,8517
1,8518
1,8519
0,8520
1,8521
0,8522
1,8523
1,8524
1,8525
1,8526
0,8527
1,8528
1,8529
1,8530
1,8531
1,8532
0,8533
1,8534
0,8535
1,8536
1,8537
1,8538
1,8539
1,8540
1,8541
1,8542
1,8543
1,8544
1,8545
1,8546
1,8547
1,8548
1,8549
1,8550
1,8551
1,8552
1,8553
1,8554
1,8555
1,8556
1,8557
1,8558
1,8559
1,8560
1,8561
0,8562
1,8563
1,8564
1,8565
0,8566
1,8567
1,8568
0,8569
1,8570
1,8571
1,8572
1,8573
1,8574
1,8575
1,8576
0,8577
1,8578
0,8579
0,8580
1,8581
1,8582
1,8583
1,8584
0,8585
1,8586
1,8587
0,8588
1,8589
0,8590
1,8591
1,8592
1,8593
1,8594
1,8595
1,8596
1,8597
0,8598
1,8599
0,8600
1,8601
1,8602
1,8603
1,8604
1,8605
1,8606
1,8607
1,8608
1,8609
1,8610
1,8611
1,8612
1,8613
1,8614
1,8615
1,8616
1,8617
1,8618
1,8619
1,8620
0,8621
1,8622
1,8623
1,8624
1,8625
1,8626
1,8627
0,8628
0,8629
1,8630
1,8631
1,8632
1,8633
1,8634
1,8635
1,8636
1,8637
1,8638
1,8639
1,8640
1,8641
1,8642
1,8643
1,8644
1,8645
1,8646
1,8647
1,8648
1,8649
1,8650
1,8651
0,8652
0,8653
0,8654
0,8655
0,8656
0,8657
0,8658
0,8659
0,8660
0,8661
0,8662
0,8663
0,8664
0,8665
0,8666
0,8667
0,8668
0,8669
0,8670
0,8671
0,8672
0,8673
0,8674
0,8675
0,8676
0,8677
0,8678
0,8679
0,8680
0,8681
0,8682
0,8683
0,8684
0,8685
0,8686
0,8687
0,8688
0,8689
0,8690
0,8691
0,8692
0,8693
0,8694
0,8695
0,8696
0,8697
0,8698
0,8699
0,8700
0,8701
0,8702
1,8703
0,8704
1,8705
0,8706
1,8707
1,8708
1,8709
1,8710
0,8711
1,8712
0,8713
1,8714
0,8715
1,8716
1,8717
1,8718
1,8719
1,8720
1,8721
1,8722
1,8723
0,8724
0,8725
0,8726
1,8727
1,8728
1,8729
1,8730
1,8731
1,8732
0,8733
1,8734
1,8735
1,8736
1,8737
0,8738
1,8739
1,8740
1,8741
1,8742
1,8743
1,8744
0,8745
1,8746
1,8747
1,8748
1,8749
1,8750
1,8751
1,8752
0,8753
0,8754
0,8755
1,8756
1,8757
1,8758
1,8759
1,8760
1,8761
1,8762
1,8763
0,8764
0,8765
1,8766
1,8767
1,8768
1,8769
0,8770
1,8771
1,8772
1,8773
0,8774
1,8775
0,8776
1,8777
1,8778
1,8779
0,8780
1,8781
1,8782
1,8783
1,8784
0,8785
1,8786
1,8787
1,8788
1,8789
1,8790
1,8791
1,8792
1,8793
1,8794
1,8795
1,8796
1,8797
1,8798
1,8799
0,8800
1,8801
0,8802
1,8803
0,8804
1,8805
0,8806
0,8807
1,8808
1,8809
0,8810
1,8811
1,8812
1,8813
1,8814
1,8815
1,8816
1,8817
0,8818
1,8819
1,8820
1,8821
1,8822
1,8823
1,8824
1,8825
1,8826
1,8827
1,8828
0,8829
1,8830
0,8831
1,8832
1,8833
1,8834
1,8835
1,8836
1,8837
1,8838
0,8839
1,8840
1,8841
1,8842
0,8843
0,8844
0,8845
1,8846
0,8847
0,8848
1,8849
1,8850
1,8851
1,8852
1,8853
1,8854
1,8855
1,8856
1,8857
1,8858
1,8859
1,8860
1,8861
0,8862
0,8863
1,8864
0,8865
1,8866
1,8867
1,8868
0,8869
1,8870
0,8871
0,8872
1,8873
1,8874
1,8875
1,8876
1,8877
0,8878
0,8879
1,8880
1,8881
0,8882
1,8883
1,8884
1,8885
0,8886
1,8887
1,8888
1,8889
1,8890
0,8891
1,8892
1,8893
1,8894
1,8895
1,8896
1,8897
1,8898
1,8899
1,8900
1,8901
1,8902
1,8903
1,8904
0,8905
1,8906
1,8907
1,8908
1,8909
1,8910
0,8911
1,8912
1,8913
1,8914
1,8915
0,8916
0,8917
1,8918
1,8919
1,8920
1,8921
1,8922
1,8923
1,8924
1,8925
1,8926
0,8927
1,8928
1,8929
1,8930
1,8931
0,8932
1,8933
1,8934
0,8935
0,8936
1,8937
1,8938
1,8939
1,8940
1,8941
0,8942
1,8943
0,8944
0,8945
0,8946
0,8947
0,8948
1,8949
1,8950
0,8951
1,8952
0,8953
0,8954
1,8955
1,8956
0,8957
1,8958
1,8959
1,8960
0,8961
1,8962
0,8963
1,8964
1,8965
1,8966
1,8967
0,8968
1,8969
1,8970
1,8971
1,8972
1,8973
1,8974
0,8975
0,8976
0,8977
0,8978
0,8979
0,8980
0,8981
0,8982
0,8983
0,8984
0,8985
0,8986
0,8987
0,8988
0,8989
0,8990
0,8991
0,8992
0,8993
0,8994
0,8995
0,8996
0,8997
0,8998
0,8999
0,9000
0,9001
0,9002
0,9003
1,9004
0,9005
0,9006
0,9007
0,9008
0,9009
0,9010
1,9011
1,9012
0,9013
1,9014
1,9015
0,9016
0,9017
0,9018
1,9019
1,9020
1,9021
0,9022
1,9023
1,9024
1,9025
1,9026
0,9027
1,9028
1,9029
1,9030
1,9031
0,9032
0,9033
0,9034
0,9035
0,9036
0,9037
0,9038
0,9039
0,9040
0,9041
0,9042
0,9043
0,9044
0,9045
0,9046
0,9047
0,9048
0,9049
0,9050
0,9051
0,9052
0,9053
0,9054
0,9055
0,9056
0,9057
0,9058
1,9059
0,9060
0,9061
0,9062
1,9063
1,9064
0,9065
0,9066
0,9067
0,9068
0,9069
0,9070
0,9071
0,9072
0,9073
0,9074
0,9075
0,9076
0,9077
0,9078
1,9079
1,9080
0,9081
0,9082
0,9083
1,9084
1,9085
1,9086
1,9087
1,9088
1,9089
1,9090
1,9091
1,9092
1,9093
1,9094
1,9095
1,9096
1,9097
1,9098
1,9099
1,9100
1,9101
1,9102
1,9103
1,9104
1,9105
1,9106
1,9107
1,9108
1,9109
0,9110
0,9111
0,9112
0,9113
0,9114
0,9115
1,9116
1,9117
1,9118
0,9119
0,9120
0,9121
0,9122
1,9123
1,9124
1,9125
0,9126
0,9127
1,9128
1,9129
1,9130
1,9131
1,9132
1,9133
1,9134
1,9135
1,9136
0,9137
1,9138
1,9139
0,9140
0,9141
0,9142
0,9143
0,9144
0,9145
0,9146
0,9147
0,9148
0,9149
0,9150
0,9151
0,9152
0,9153
0,9154
0,9155
0,9156
0,9157
0,9158
0,9159
0,9160
0,9161
0,9162
0,9163
0,9164
0,9165
0,9166
0,9167
0,9168
0,9169
0,9170
0,9171
0,9172
0,9173
0,9174
0,9175
0,9176
0,9177
0,9178
0,9179
0,9180
0,9181
0,9182
0,9183
0,9184
0,9185
0,9186
0,9187
0,9188
0,9189
0,9190
0,9191
0,9192
0,9193
0,9194
0,9195
0,9196
0,9197
0,9198
0,9199
0,9200
0,9201
0,9202
0,9203
0,9204
0,9205
0,9206
0,9207
0,9208
0,9209
0,9210
0,9211
0,9212
0,9213
0,9214
0,9215
0,9216
0,9217
0,9218
0,9219
0,9220
0,9221
0,9222
0,9223
0,9224
0,9225
0,9226
0,9227
1,9228
1,9229
1,9230
1,9231
1,9232
1,9233
1,9234
1,9235
1,9236
1,9237
0,9238
1,9239
1,9240
1,9241
1,9242
0,9243
0,9244
0,9245
1,9246
1,9247
1,9248
1,9249
1,9250
1,9251
1,9252
1,9253
1,9254
0,9255
1,9256
0,9257
0,9258
0,9259
0,9260
0,9261
1,9262
0,9263
1,9264
0,9265
1,9266
1,9267
1,9268
1,9269
0,9270
0,9271
0,9272
0,9273
1,9274
1,9275
1,9276
1,9277
1,9278
0,9279
0,9280
1,9281
0,9282
0,9283
1,9284
1,9285
1,9286
0,9287
0,9288
1,9289
1,9290
1,9291
0,9292
0,9293
1,9294
0,9295
1,9296
0,9297
0,9298
0,9299
0,9300
0,9301
0,9302
0,9303
0,9304
0,9305
0,9306
0,9307
0,9308
0,9309
0,9310
0,9311
0,9312
0,9313
0,9314
0,9315
0,9316
0,9317
0,9318
0,9319
0,9320
0,9321
0,9322
0,9323
0,9324
0,9325
0,9326
0,9327
0,9328
0,9329
0,9330
0,9331
0,9332
0,9333
0,9334
0,9335
0,9336
0,9337
0,9338
0,9339
0,9340
0,9341
0,9342
1,9343
0,9344
0,9345
0,9346
0,9347
0,9348
0,9349
0,9350
0,9351
0,9352
0,9353
0,9354
0,9355
0,9356
0,9357
0,9358
0,9359
0,9360
0,9361
0,9362
0,9363
0,9364
0,9365
0,9366
0,9367
0,9368
0,9369
0,9370
0,9371
0,9372
0,9373
0,9374
0,9375
0,9376
0,9377
0,9378
0,9379
0,9380
0,9381
0,9382
0,9383
0,9384
0,9385
0,9386
0,9387
0,9388
0,9389
0,9390
0,9391
0,9392
0,9393
0,9394
0,9395
0,9396
1,9397
1,9398
1,9399
1,9400
1,9401
1,9402
1,9403
1,9404
1,9405
1,9406
1,9407
1,9408
1,9409
1,9410
1,9411
1,9412
1,9413
1,9414
1,9415
1,9416
1,9417
0,9418
1,9419
1,9420
0,9421
0,9422
0,9423
1,9424
0,9425
1,9426
1,9427
1,9428
0,9429
0,9430
1,9431
1,9432
0,9433
0,9434
1,9435
1,9436
0,9437
1,9438
1,9439
1,9440
1,9441
1,9442
1,9443
0,9444
0,9445
1,9446
1,9447
1,9448
0,9449
1,9450
1,9451
0,9452
0,9453
1,9454
1,9455
0,9456
1,9457
1,9458
0,9459
0,9460
1,9461
1,9462
1,9463
0,9464
1,9465
1,9466
1,9467
0,9468
1,9469
0,9470
0,9471
0,9472
1,9473
1,9474
0,9475
0,9476
1,9477
0,9478
0,9479
1,9480
0,9481
1,9482
1,9483
1,9484
0,9485
1,9486
1,9487
1,9488
1,9489
1,9490
1,9491
1,9492
1,9493
1,9494
1,9495
1,9496
1,9497
0,9498
1,9499
1,9500
1,9501
1,9502
1,9503
1,9504
1,9505
1,9506
1,9507
1,9508
0,9509
1,9510
1,9511
1,9512
1,9513
0,9514
0,9515
1,9516
0,9517
1,9518
0,9519
1,9520
1,9521
1,9522
1,9523
1,9524
0,9525
1,9526
1,9527
1,9528
1,9529
0,9530
1,9531
1,9532
1,9533
1,9534
1,9535
1,9536
0,9537
1,9538
1,9539
1,9540
1,9541
1,9542
1,9543
1,9544
0,9545
1,9546
0,9547
1,9548
1,9549
0,9550
1,9551
1,9552
1,9553
0,9554
0,9555
0,9556
1,9557
1,9558
1,9559
1,9560
1,9561
0,9562
1,9563
1,9564
1,9565
1,9566
1,9567
0,9568
0,9569
1,9570
0,9571
1,9572
1,9573
0,9574
1,9575
1,9576
1,9577
0,9578
0,9579
0,9580
0,9581
1,9582
0,9583
0,9584
0,9585
0,9586
0,9587
0,9588
0,9589
0,9590
0,9591
0,9592
0,9593
0,9594
1,9595
0,9596
0,9597
1,9598
0,9599
0,9600
0,9601
1,9602
0,9603
0,9604
0,9605
0,9606
1,9607
0,9608
0,9609
0,9610
0,9611
0,9612
0,9613
0,9614
0,9615
1,9616
1,9617
1,9618
1,9619
1,9620
1,9621
1,9622
1,9623
1,9624
0,9625
0,9626
1,9627
1,9628
0,9629
1,9630
1,9631
1,9632
1,9633
1,9634
1,9635
0,9636
0,9637
0,9638
1,9639
1,9640
0,9641
1,9642
1,9643
1,9644
1,9645
1,9646
1,9647
1,9648
1,9649
0,9650
0,9651
0,9652
0,9653
1,9654
1,9655
1,9656
1,9657
1,9658
1,9659
0,9660
0,9661
0,9662
0,9663
0,9664
0,9665
0,9666
0,9667
1,9668
1,9669
0,9670
0,9671
1,9672
1,9673
1,9674
0,9675
1,9676
1,9677
1,9678
0,9679
0,9680
1,9681
1,9682
0,9683
1,9684
1,9685
1,9686
1,9687
1,9688
1,9689
0,9690
0,9691
1,9692
0,9693
1,9694
1,9695
1,9696
1,9697
1,9698
0,9699
0,9700
1,9701
1,9702
1,9703
1,9704
1,9705
1,9706
1,9707
1,9708
0,9709
1,9710
1,9711
0,9712
0,9713
1,9714
0,9715
0,9716
1,9717
0,9718
0,9719
1,9720
0,9721
1,9722
1,9723
1,9724
1,9725
1,9726
1,9727
1,9728
1,9729
1,9730
1,9731
0,9732
1,9733
0,9734
1,9735
0,9736
0,9737
0,9738
0,9739
0,9740
0,9741
0,9742
0,9743
0,9744
1,9745
1,9746
1,9747
1,9748
1,9749
1,9750
1,9751
0,9752
0,9753
0,9754
0,9755
1,9756
0,9757
0,9758
0,9759
0,9760
0,9761
0,9762
0,9763
1,9764
0,9765
0,9766
1,9767
0,9768
1,9769
0,9770
0,9771
0,9772
0,9773
1,9774
1,9775
1,9776
1,9777
1,9778
0,9779
1,9780
0,9781
0,9782
1,9783
0,9784
0,9785
1,9786
0,9787
1,9788
0,9789
0,9790
1,9791
1,9792
1,9793
1,9794
1,9795
0,9796
1,9797
