{
	"$schema": "http://schema.management.azure.com/schemas/2015-01-01/deploymentTemplate.json#",
	"contentVersion": "1.0.0.0",
	"parameters": {
		"workspaceName": {
			"type": "string",
			"metadata": "Workspace name",
			"defaultValue": "iiotsynapse"
		},
		"iiotml": {
			"type": "string"
		},
		"iiotmfgdatalake": {
			"type": "string"
		},
		"iiotmfgsqldb": {
			"type": "string"
		}
	},
	"variables": {
		"workspaceId": "[concat('Microsoft.Synapse/workspaces/', parameters('workspaceName'))]"
	},
	"resources": [
		{
			"name": "[concat(parameters('workspaceName'), '/QualityPrediction')]",
			"type": "Microsoft.Synapse/workspaces/pipelines",
			"apiVersion": "2019-06-01-preview",
			"properties": {
				"activities": [
					{
						"name": "Generate Quality Predictions",
						"type": "AzureMLExecutePipeline",
						"dependsOn": [],
						"policy": {
							"timeout": "7.00:00:00",
							"retry": 0,
							"retryIntervalInSeconds": 30,
							"secureOutput": false,
							"secureInput": false
						},
						"userProperties": [],
						"typeProperties": {
							"experimentName": "Quality-Prediction-Synapse-Pipeline",
							"mlPipelineParameters": {
								"modelname": "iiot-quality-lgbm",
								"selectedfeatures": "S16,S20,S19,S18,S29,S41,S9,S10,S8,S11,S14,S13,S28,S15,S26,S33,S7,S3,S39",
								"kustocluster": "https://iiotmfgdev.westus2.kusto.windows.net",
								"kustodb": "mfgdb",
								"kustoquery": "opcua_raw | where payload contains 'BatchNumber' and unixtime_milliseconds_todatetime(todouble(payload.SourceTimestamp)) between (now(-10m).. now()) | mv-apply payload on (extend key = tostring(bag_keys(payload)[0]) | extend value = payload[key] | summarize b = make_bag(pack(key, value)) ) | evaluate bag_unpack(b)",
								"resultdatastorename": "iiotmfgdatalakestore",
								"resultfilename": {
									"value": "@concat('results_',string(pipeline().RunId),'.csv')",
									"type": "Expression"
								}
							},
							"mlPipelineId": "71b36262-fe80-436f-bddf-13e1f8faf000"
						},
						"linkedServiceName": {
							"referenceName": "[parameters('iiotml')]",
							"type": "LinkedServiceReference"
						}
					},
					{
						"name": "Save Predictions to SQL DB",
						"type": "Copy",
						"dependsOn": [
							{
								"activity": "Generate Quality Predictions",
								"dependencyConditions": [
									"Succeeded"
								]
							}
						],
						"policy": {
							"timeout": "7.00:00:00",
							"retry": 0,
							"retryIntervalInSeconds": 30,
							"secureOutput": false,
							"secureInput": false
						},
						"userProperties": [],
						"typeProperties": {
							"source": {
								"type": "DelimitedTextSource",
								"storeSettings": {
									"type": "AzureBlobFSReadSettings",
									"recursive": false,
									"wildcardFolderPath": "predictionresults",
									"wildcardFileName": {
										"value": "@concat('results_',string(pipeline().RunId),'.csv')",
										"type": "Expression"
									},
									"enablePartitionDiscovery": false
								},
								"formatSettings": {
									"type": "DelimitedTextReadSettings"
								}
							},
							"sink": {
								"type": "AzureSqlSink",
								"writeBehavior": "insert",
								"sqlWriterUseTableLock": false,
								"tableOption": "autoCreate",
								"disableMetricsCollection": false
							},
							"enableStaging": false,
							"translator": {
								"type": "TabularTranslator",
								"typeConversion": true,
								"typeConversionSettings": {
									"allowDataTruncation": true,
									"treatBooleanAsNumber": false
								}
							}
						},
						"inputs": [
							{
								"referenceName": "PredictionResultCSV",
								"type": "DatasetReference"
							}
						],
						"outputs": [
							{
								"referenceName": "PredictionResultsSQLTable",
								"type": "DatasetReference"
							}
						]
					}
				],
				"annotations": [],
				"lastPublishTime": "2022-05-20T20:38:47Z"
			},
			"dependsOn": [
				"[concat(variables('workspaceId'), '/datasets/PredictionResultCSV')]",
				"[concat(variables('workspaceId'), '/datasets/PredictionResultsSQLTable')]"
			]
		},
		{
			"name": "[concat(parameters('workspaceName'), '/PredictionResultCSV')]",
			"type": "Microsoft.Synapse/workspaces/datasets",
			"apiVersion": "2019-06-01-preview",
			"properties": {
				"linkedServiceName": {
					"referenceName": "[parameters('iiotmfgdatalake')]",
					"type": "LinkedServiceReference"
				},
				"annotations": [],
				"type": "DelimitedText",
				"typeProperties": {
					"location": {
						"type": "AzureBlobFSLocation",
						"folderPath": "predictionresults",
						"fileSystem": "raw"
					},
					"columnDelimiter": ",",
					"escapeChar": "\\",
					"firstRowAsHeader": true,
					"quoteChar": "\""
				},
				"schema": []
			},
			"dependsOn": []
		},
		{
			"name": "[concat(parameters('workspaceName'), '/PredictionResultsSQLTable')]",
			"type": "Microsoft.Synapse/workspaces/datasets",
			"apiVersion": "2019-06-01-preview",
			"properties": {
				"linkedServiceName": {
					"referenceName": "[parameters('iiotmfgsqldb')]",
					"type": "LinkedServiceReference"
				},
				"annotations": [],
				"type": "AzureSqlTable",
				"schema": [],
				"typeProperties": {
					"schema": "dbo",
					"table": "predictionresults"
				}
			},
			"dependsOn": []
		}
	]
}